Number of Affected Users,Incident Resolution Time (in Hours),Country,Year,Financial Loss (in Million $)
773169,63,China,2019,80.53
295961,71,China,2019,62.19
605895,20,India,2017,38.65
659320,7,UK,2024,41.44
810682,68,Germany,2018,74.41
285201,25,Germany,2017,98.24
431262,34,Germany,2016,33.26
909991,66,France,2018,59.23
698249,47,India,2016,16.88
685927,58,UK,2023,69.14
493675,29,China,2019,88.67
920768,27,China,2016,38.81
583204,37,India,2019,30.56
599797,35,France,2023,58.37
922258,64,France,2024,48.01
120789,36,Australia,2022,64.31
850158,67,Russia,2017,13.04
805278,56,India,2015,93.14
578443,28,UK,2019,14.01
261808,6,India,2016,36.45
920172,43,Brazil,2015,49.55
261661,11,France,2023,17.72
246205,30,India,2017,76.71
186148,32,Japan,2022,20.42
699007,30,Brazil,2023,51.84
628562,52,China,2021,51.06
570494,53,Japan,2022,53.04
937653,24,Japan,2022,26.17
599757,9,France,2020,87.32
904805,61,Australia,2015,82.7
678876,11,UK,2022,66.24
246900,34,France,2020,18.38
85255,61,India,2015,42.99
972469,21,Japan,2022,98.47
113777,27,Brazil,2023,14.51
739540,31,Brazil,2020,17.75
722788,70,China,2020,19.81
214372,12,Japan,2021,82.52
235314,62,USA,2022,32.53
140812,71,Brazil,2016,96.98
238356,3,Russia,2015,96.39
826976,57,India,2021,98.09
757694,69,UK,2019,39.77
403108,64,USA,2017,74.12
942890,19,Australia,2020,92.95
794906,36,France,2022,20.33
481293,65,Australia,2016,27.33
602692,29,India,2016,21.01
455529,40,UK,2018,13.66
383395,31,Japan,2017,75.84
113612,70,USA,2023,59.69
984411,17,Australia,2019,21.72
17229,30,UK,2015,85.58
581303,51,France,2018,75.11
799474,23,India,2019,10.8
898655,10,India,2020,86.27
698852,57,UK,2021,67.1
304162,56,India,2018,76.43
191625,65,Brazil,2015,43.4
93185,14,Australia,2024,93.32
40718,24,India,2019,35.6
310574,65,China,2015,42.73
475719,52,India,2024,73.37
404060,32,UK,2018,73.18
132726,55,China,2024,72.35
336376,11,UK,2016,87.68
566437,63,Australia,2022,67.16
313631,16,Russia,2017,83.43
996004,28,France,2016,28.66
871600,29,China,2021,55.04
940656,41,Brazil,2015,43.51
297209,66,USA,2015,20.73
28321,63,UK,2019,78.19
456783,10,Brazil,2022,29.02
933028,25,Germany,2018,87.56
221512,56,Australia,2023,24.65
16585,12,France,2017,17.88
787752,9,USA,2022,21.01
662517,40,Russia,2022,60.25
274509,20,Brazil,2018,6.63
508649,66,France,2024,5.8
740257,70,Brazil,2021,70.26
969504,5,Australia,2024,62.08
779494,54,Germany,2016,90.2
605166,27,Japan,2019,44.17
274946,66,France,2023,55.18
645097,36,Japan,2019,41.32
157678,68,UK,2015,32.92
157034,69,Brazil,2022,15.16
550656,4,India,2020,62.5
634048,66,Australia,2017,68.91
547495,3,UK,2023,81.26
487694,41,UK,2024,58.31
427067,42,France,2023,88.65
954902,55,Australia,2023,1.51
128594,53,UK,2020,49.23
189430,1,Germany,2024,84.53
603327,15,France,2021,90.63
276593,36,UK,2021,80.26
975282,49,Japan,2023,22.87
486810,11,India,2018,23.79
969517,25,Japan,2021,35.43
151599,18,Australia,2022,74.77
749545,30,Japan,2022,66.66
71743,35,Brazil,2015,78.13
969684,41,Germany,2018,11.39
842506,19,Germany,2020,87.84
933883,41,Brazil,2023,10.18
393748,10,UK,2019,4.42
708549,37,Brazil,2020,76.98
136762,41,Japan,2020,73.24
737958,35,Russia,2018,8.11
108886,51,Japan,2020,23.55
285311,55,Australia,2016,92.79
961868,57,USA,2021,71.11
471743,29,Australia,2023,57.34
993903,25,UK,2024,81.26
179156,34,China,2024,7.32
699129,25,Germany,2022,56.27
920983,24,Russia,2021,83.76
875790,36,UK,2023,85.64
415274,40,Russia,2016,61.39
222293,38,Russia,2023,42.14
357092,71,France,2021,94.4
708291,54,Australia,2021,84.68
517610,35,Russia,2024,93.33
368803,23,Germany,2023,70.46
421191,62,China,2023,48.71
282139,37,India,2018,69.03
117543,22,China,2018,49.19
536925,62,France,2016,27.2
238068,61,France,2023,64.08
39814,32,Japan,2022,38.46
268956,47,India,2018,80.89
424,58,France,2015,15.76
982969,64,USA,2021,82.24
219703,33,Germany,2021,82.72
530947,12,Japan,2016,18.96
576110,37,UK,2017,53.39
177154,68,UK,2017,48.9
212177,2,France,2017,60.77
8787,55,Germany,2021,91.24
291727,31,USA,2015,41.36
987652,72,Germany,2022,78.18
236284,38,China,2022,16.16
209853,1,USA,2020,15.63
755621,50,Australia,2020,36.29
694844,43,France,2015,61.41
795831,61,France,2018,53.72
342253,22,Brazil,2020,17.4
638693,35,USA,2016,75.94
618616,51,USA,2018,55.9
774426,21,Brazil,2023,56.76
900661,64,Australia,2023,76.25
141627,64,India,2019,75.23
845785,69,Germany,2024,3.93
120048,12,Australia,2015,99.41
894935,31,USA,2016,32.89
277555,45,Japan,2017,21.66
461012,38,Australia,2024,85.86
599291,55,Russia,2021,80.23
163602,26,Australia,2016,31.92
986196,11,UK,2021,39.03
349008,20,France,2024,99.03
559667,69,Germany,2022,25.1
335628,20,Russia,2018,67.27
385363,22,Germany,2016,29.89
945793,32,USA,2021,15.92
595950,11,Russia,2016,95.93
756722,15,Japan,2022,12.61
594424,54,Australia,2024,39.92
457790,39,China,2015,19.36
549337,63,China,2024,70.47
714681,34,France,2023,53.34
849745,51,India,2022,84.15
826256,50,Brazil,2019,27.64
617543,43,UK,2017,9.01
895507,52,USA,2017,9.08
2233,45,UK,2020,67.9
76776,42,Japan,2022,71.12
175261,64,China,2019,6.08
746369,30,Australia,2016,90.85
563706,35,Australia,2017,77.32
254980,58,India,2022,12.01
869574,16,Russia,2021,0.54
282598,21,Russia,2015,95.33
422623,55,Brazil,2023,62.77
937717,56,Brazil,2021,83.06
416077,39,India,2021,71.64
112313,63,Australia,2019,47.67
799971,63,Australia,2017,79.72
690595,71,Japan,2018,47.11
713419,70,India,2017,69.69
707365,38,Australia,2022,81.31
155059,29,Brazil,2016,83.88
923558,41,Russia,2022,85.01
239313,6,Germany,2022,20.55
874485,48,Russia,2023,60.08
90895,29,Russia,2016,46.95
529593,64,China,2015,47.2
610201,72,Germany,2018,46.92
863623,24,USA,2021,1.98
755771,44,USA,2018,14.28
164032,5,Japan,2021,66.23
259993,58,Russia,2019,95.66
232359,17,UK,2019,90.13
800031,10,Germany,2018,84.9
925040,48,UK,2016,71.19
273469,67,Brazil,2016,99.29
797768,58,Germany,2024,22.84
905203,37,Japan,2022,82.19
512291,51,India,2023,11.72
416833,9,UK,2017,27.08
744505,43,UK,2015,30.74
755029,27,Brazil,2020,79.61
660182,21,Brazil,2017,99.22
403737,26,India,2016,29.48
86783,12,China,2019,7.87
390083,72,Australia,2022,86.77
376174,43,Brazil,2023,20.15
485080,61,UK,2022,31.94
759804,47,France,2024,78.82
286208,57,Japan,2017,65.62
992377,33,USA,2017,75.53
48987,58,USA,2021,36.06
538602,19,Russia,2021,68.07
808392,4,Japan,2015,26.29
21580,14,UK,2015,26.12
209658,11,France,2020,94.44
559889,10,Japan,2017,74.12
344516,28,France,2015,12.92
897569,66,Australia,2024,73.43
538688,36,Australia,2023,99.19
303975,2,China,2015,22.71
822256,60,Japan,2022,67.62
521877,66,Russia,2019,53.82
758258,44,Brazil,2016,55.83
988369,26,Brazil,2016,17.12
325521,69,France,2022,67.89
254933,41,Germany,2021,5.54
339144,26,UK,2023,55.28
170002,54,India,2022,57.52
491269,67,Japan,2019,74.65
341100,37,China,2019,49.14
446170,72,India,2018,36.04
28398,22,India,2015,14.09
180698,53,France,2017,66.36
676384,44,Germany,2017,8.53
961557,64,Brazil,2015,61.91
345334,25,Japan,2020,54.47
263407,8,Russia,2024,87.88
791350,32,Russia,2017,89.22
591819,49,China,2022,64.92
186612,30,UK,2016,6.59
187730,26,Japan,2018,48.0
6456,69,France,2015,87.78
762662,56,Japan,2020,15.73
256396,29,UK,2015,30.26
437634,29,Brazil,2021,54.59
80855,53,Russia,2015,63.09
967614,71,India,2016,59.36
934400,4,Japan,2020,79.52
547719,22,Germany,2023,87.83
808984,26,China,2016,96.63
261038,48,Japan,2023,52.86
841054,49,China,2024,4.01
175038,67,China,2019,68.02
774613,53,Russia,2022,67.17
558357,49,Japan,2021,37.45
620056,14,India,2017,36.78
90640,56,Russia,2018,40.66
449596,3,Russia,2022,76.93
207842,40,Australia,2020,58.91
908249,53,Germany,2017,93.6
470895,63,Japan,2017,47.39
342049,31,France,2017,3.21
316891,55,Brazil,2018,98.75
633466,16,India,2019,27.45
123866,43,USA,2023,23.98
305905,44,France,2017,79.93
702942,34,Russia,2023,3.66
11339,34,Brazil,2016,72.78
8385,69,UK,2017,73.88
21810,48,Russia,2024,52.8
7347,7,India,2018,94.6
61463,58,Germany,2021,1.62
683572,69,Russia,2020,0.82
654633,43,Germany,2015,90.91
311274,67,Japan,2021,32.84
185208,3,Russia,2017,63.33
182378,10,Russia,2022,27.82
800480,31,China,2016,7.73
147761,68,India,2019,46.98
923911,60,Russia,2024,80.11
418893,31,Germany,2024,11.81
914593,1,Germany,2016,15.09
344789,69,Japan,2015,20.69
116906,7,India,2019,36.86
812343,16,Australia,2019,10.87
346390,36,China,2017,18.17
30925,43,Brazil,2018,13.89
663812,57,UK,2017,15.63
220978,47,Brazil,2020,32.72
100486,31,UK,2021,97.03
195733,70,Russia,2023,75.63
707978,41,Japan,2023,64.21
456432,66,Brazil,2018,99.14
37230,52,Brazil,2016,75.51
890414,28,UK,2015,11.68
440358,5,France,2021,33.84
400752,36,India,2022,38.89
134364,63,France,2018,89.77
406483,62,Germany,2017,15.01
661583,30,Brazil,2018,98.38
642834,34,Russia,2015,23.49
493087,44,Brazil,2017,9.43
966570,32,Brazil,2021,97.37
687383,8,Russia,2022,73.26
733304,19,Germany,2020,78.84
661681,14,India,2023,3.51
644538,57,France,2020,25.32
861637,15,Germany,2015,58.78
393189,37,Brazil,2016,73.76
999545,47,France,2022,27.06
935572,61,UK,2021,77.82
724608,21,France,2016,55.99
750979,30,Brazil,2024,55.73
552358,42,India,2017,7.44
902654,9,Australia,2019,37.07
413293,27,UK,2022,75.67
114357,58,India,2024,56.19
363432,40,USA,2018,70.53
304618,54,Japan,2016,63.77
153154,37,India,2022,32.73
741153,66,China,2022,21.87
261230,19,Japan,2024,72.08
688014,18,UK,2023,53.82
45027,68,Australia,2018,3.3
689681,62,Australia,2021,13.99
702688,39,Germany,2024,93.49
86038,19,China,2016,97.28
899381,66,Japan,2015,17.19
157667,34,India,2023,54.21
643714,25,UK,2021,64.28
3607,7,USA,2023,71.31
259706,2,UK,2017,52.31
698921,72,India,2021,40.94
482574,22,Brazil,2024,32.21
618269,48,France,2017,20.44
854961,7,Russia,2016,59.66
595157,41,Brazil,2019,56.33
813706,54,France,2016,2.24
322527,46,Brazil,2018,82.05
557016,34,China,2024,11.92
966668,15,UK,2017,54.83
813165,44,France,2020,36.17
400807,67,France,2018,80.06
549300,26,Brazil,2023,74.85
956893,49,Brazil,2021,74.01
245370,57,India,2015,46.2
912731,4,Brazil,2017,9.59
362085,5,USA,2017,81.19
862664,44,Germany,2022,42.8
313384,51,China,2015,32.65
593009,27,Russia,2018,17.99
933754,36,Germany,2023,30.68
55055,44,Japan,2015,82.12
481180,10,France,2020,94.63
110260,66,Russia,2020,54.03
741592,69,USA,2020,10.54
928026,5,Russia,2020,34.41
399014,52,Germany,2018,84.27
42831,42,China,2018,35.08
545613,25,UK,2018,45.11
813789,27,Australia,2023,92.57
345825,6,UK,2015,13.49
29671,61,UK,2016,8.42
34011,9,Australia,2020,92.5
341383,9,USA,2018,63.8
565080,6,Japan,2020,40.86
862136,44,Germany,2019,79.24
241151,56,Japan,2022,37.15
321158,37,India,2024,62.06
472386,24,France,2023,31.03
34240,45,UK,2015,82.54
98018,55,USA,2019,34.4
555808,4,Japan,2024,72.2
449333,39,UK,2021,52.23
368618,22,UK,2024,7.16
310175,53,France,2022,78.23
986980,71,UK,2020,25.1
518181,24,UK,2024,88.54
72782,63,India,2015,49.51
502842,15,Russia,2018,4.08
376586,51,UK,2024,89.31
698597,66,Germany,2023,88.55
559195,52,Russia,2015,5.26
236253,38,India,2024,17.57
534847,3,Brazil,2016,8.01
262611,33,Australia,2016,39.86
848702,48,Brazil,2021,11.61
609952,7,Germany,2017,73.98
978868,39,Germany,2022,65.86
659734,54,Australia,2021,41.26
88354,52,Japan,2022,64.38
771434,38,Brazil,2022,75.01
91560,35,Australia,2016,1.73
375292,48,UK,2021,1.35
43366,43,Japan,2015,70.88
429224,56,India,2019,32.08
526227,62,Brazil,2017,68.99
621770,70,Japan,2024,9.77
857688,55,India,2019,14.53
644841,64,Brazil,2024,33.06
242847,37,Russia,2024,67.61
155225,13,China,2022,85.3
712646,50,Japan,2017,79.68
298941,13,UK,2022,61.87
783480,55,Russia,2018,4.92
950451,29,Germany,2019,99.97
917848,30,China,2018,95.42
194633,37,Germany,2016,42.98
778844,65,Australia,2016,68.42
668774,61,France,2018,36.14
824351,17,France,2023,69.76
510974,16,UK,2020,3.02
404595,3,Australia,2021,86.29
742273,67,Germany,2022,6.31
973388,63,China,2016,27.46
890675,5,China,2024,69.28
710896,18,Germany,2022,68.96
30883,51,India,2023,2.85
153355,57,UK,2020,53.76
96706,42,Japan,2020,25.83
959797,32,Australia,2016,43.76
501864,12,China,2024,9.45
358626,26,Japan,2024,63.57
64472,43,Japan,2017,11.3
23683,69,India,2023,82.11
22635,8,USA,2017,5.21
894933,59,UK,2017,98.75
259176,3,UK,2023,55.34
987115,55,China,2022,12.36
727601,50,France,2022,6.48
542850,41,UK,2021,56.53
352194,10,India,2023,41.15
571521,8,France,2019,39.83
933271,30,Brazil,2023,47.59
884502,55,Brazil,2022,98.06
762001,67,China,2015,57.27
351330,57,France,2016,82.49
158107,43,Australia,2023,37.73
632319,47,USA,2016,77.45
352250,39,India,2017,75.52
504165,55,France,2018,11.28
738981,45,Brazil,2024,36.69
555527,33,UK,2021,79.33
681856,52,Russia,2019,59.78
197609,15,Germany,2024,38.65
685291,53,USA,2018,85.29
835730,14,Japan,2024,37.49
907547,33,Germany,2016,48.57
298096,16,France,2019,3.0
18579,13,UK,2023,33.06
490771,70,UK,2021,70.9
394577,33,Germany,2020,38.12
155426,16,India,2021,35.19
444399,38,Russia,2017,88.9
770028,58,Japan,2015,7.96
608520,14,Brazil,2023,66.38
471113,71,Australia,2020,91.45
311253,36,Germany,2015,63.65
390409,31,Brazil,2023,84.19
604786,34,China,2015,28.35
568377,38,China,2024,84.23
267678,13,Russia,2020,29.89
592485,10,Australia,2020,5.95
639011,26,USA,2018,84.85
446243,66,China,2023,28.82
10438,10,Germany,2016,22.48
796195,20,Brazil,2023,97.37
55392,44,Australia,2020,53.32
579291,6,Germany,2016,63.11
791366,61,Germany,2023,70.19
727826,63,France,2022,92.29
608695,31,Russia,2023,98.07
496667,45,Australia,2019,13.96
353887,59,Japan,2024,56.9
713584,26,China,2019,32.69
417831,36,India,2017,70.09
51219,36,USA,2019,22.62
153257,59,UK,2017,47.91
768022,64,Russia,2017,20.58
314347,28,France,2024,26.29
649406,27,Germany,2020,33.51
744595,44,Japan,2023,68.28
126781,32,Brazil,2021,14.72
427167,11,France,2015,44.29
396865,42,Australia,2023,41.54
902952,8,UK,2019,90.67
632075,64,USA,2023,34.94
728486,61,France,2017,83.73
109439,32,Australia,2018,64.62
1174,23,India,2018,86.38
953987,65,Russia,2024,25.7
713309,51,Brazil,2021,56.2
334528,5,Russia,2021,11.38
219826,38,USA,2016,92.53
916744,47,USA,2015,88.6
568560,49,USA,2017,30.4
440178,15,UK,2019,90.7
172628,4,Japan,2023,45.38
257989,68,USA,2022,71.33
573560,9,Japan,2021,9.42
850056,65,Brazil,2018,5.27
860119,30,Australia,2018,41.59
140958,51,USA,2015,98.78
965727,32,China,2015,61.24
20269,36,Russia,2015,69.34
323011,25,Germany,2015,7.84
50321,25,USA,2016,57.17
851863,25,Russia,2020,33.99
704925,52,China,2024,22.45
355077,65,France,2018,27.78
866057,17,Australia,2022,47.12
169455,23,Germany,2016,48.77
380022,30,India,2023,92.35
898679,35,USA,2019,88.98
704157,42,Japan,2020,61.69
262201,54,Russia,2022,84.57
683261,13,Brazil,2021,67.87
382379,2,USA,2022,59.7
510657,62,Germany,2024,90.21
912558,69,UK,2018,16.23
952504,45,UK,2020,16.91
913027,68,France,2015,41.88
269271,58,Brazil,2019,31.04
113404,11,India,2016,37.12
310868,10,Russia,2023,46.2
458630,14,Japan,2024,98.3
912183,44,USA,2024,16.61
871891,52,Brazil,2017,71.06
863298,15,USA,2016,14.17
434626,29,Australia,2018,82.65
195490,63,Australia,2018,78.27
19404,32,UK,2022,10.44
217438,14,Russia,2019,21.95
481452,57,India,2018,30.83
386093,42,UK,2020,35.57
929020,2,France,2019,28.29
863756,66,USA,2022,4.06
300898,18,China,2018,58.28
191328,51,Japan,2017,7.31
361849,63,Germany,2021,37.69
30884,26,Brazil,2016,27.99
902924,12,Brazil,2024,71.55
943178,63,Brazil,2024,27.13
994468,8,Australia,2021,10.28
131361,39,China,2022,31.35
237658,26,China,2023,80.1
157313,47,USA,2017,42.19
414340,10,UK,2021,40.98
153523,22,France,2020,58.8
232665,65,UK,2019,3.33
383945,49,Germany,2022,58.98
762006,21,Brazil,2023,4.6
408103,27,Germany,2019,96.91
44837,18,France,2022,85.91
642699,51,Germany,2023,51.49
634820,33,UK,2021,3.99
887718,55,France,2021,3.44
541631,30,USA,2020,52.7
523522,57,USA,2016,11.58
686309,42,Russia,2021,91.69
416328,55,India,2015,79.89
582718,20,India,2021,53.49
549640,17,Japan,2021,18.91
1068,3,USA,2024,15.34
959835,38,France,2018,12.72
227390,40,USA,2024,46.59
577763,43,France,2021,62.9
786644,41,Japan,2018,85.33
454802,48,China,2016,85.15
371685,34,China,2024,53.53
217534,48,India,2023,4.32
376612,27,Australia,2024,31.68
812206,39,UK,2020,84.77
255967,23,Australia,2021,82.87
463332,16,USA,2023,5.32
771547,5,Australia,2023,31.48
809209,26,UK,2020,86.0
342575,49,India,2024,35.47
478963,70,Japan,2024,94.75
910393,52,USA,2017,39.59
601198,41,Australia,2024,70.52
152302,26,UK,2018,6.6
79102,4,USA,2016,25.85
837506,8,India,2017,80.93
347441,58,Germany,2018,63.81
231198,42,USA,2021,3.63
555275,71,Brazil,2016,80.09
46699,53,UK,2016,24.51
706469,17,UK,2024,56.23
311165,34,China,2018,43.73
304257,20,France,2019,85.13
446378,59,Brazil,2017,24.05
994243,54,China,2021,32.72
98634,5,UK,2015,81.75
93999,65,USA,2018,42.46
171095,63,France,2017,14.54
820182,16,USA,2015,38.92
164890,61,Germany,2018,4.2
605020,43,China,2015,75.91
500747,58,Australia,2024,44.95
854904,12,Japan,2020,35.79
55719,71,China,2020,62.44
355008,31,Brazil,2015,19.93
428615,66,UK,2019,75.31
108767,48,Australia,2015,76.4
939469,45,India,2020,28.69
325827,39,UK,2019,23.93
996762,27,UK,2017,30.44
319868,52,Japan,2017,5.14
66191,71,Brazil,2018,1.01
925373,4,India,2023,18.53
913114,15,India,2015,1.52
163975,22,Australia,2019,84.89
876135,67,USA,2016,66.73
595380,10,China,2024,72.61
840796,5,France,2020,44.16
484908,42,UK,2022,80.05
146100,22,Russia,2018,13.69
555756,21,USA,2021,29.02
340928,61,India,2017,69.91
678640,44,UK,2016,3.76
212798,31,Brazil,2020,57.43
354024,33,UK,2019,63.45
189354,39,UK,2016,41.34
648363,47,Australia,2022,22.73
231114,37,Brazil,2017,5.88
489620,43,India,2017,9.81
854005,14,USA,2015,94.14
550719,60,Germany,2017,33.24
445254,42,Germany,2019,75.37
218097,32,Japan,2020,49.17
324790,42,Germany,2017,94.87
497965,25,India,2023,28.71
933030,27,Australia,2023,42.5
538338,1,UK,2015,53.07
860459,11,France,2018,99.78
276634,38,UK,2024,82.87
316299,66,Germany,2018,81.46
410385,71,Japan,2023,33.66
589898,59,Japan,2024,99.28
63760,8,France,2016,14.86
58037,13,USA,2015,33.75
994787,56,UK,2017,82.03
89719,68,India,2016,9.53
590760,32,Germany,2023,6.09
186700,37,UK,2022,29.05
682430,5,Japan,2019,89.48
60868,46,Australia,2018,75.2
182916,17,France,2016,29.33
181879,64,France,2023,65.96
715732,11,Australia,2017,95.2
452477,23,UK,2023,16.02
168881,5,India,2018,11.19
94235,29,France,2017,27.42
75314,6,Australia,2015,17.38
515797,46,Russia,2019,99.53
363906,31,Russia,2024,55.05
446296,4,UK,2022,79.6
329972,48,Russia,2017,65.18
639190,33,China,2017,25.73
135105,48,USA,2022,33.71
103079,57,China,2015,94.74
822364,71,France,2018,75.88
597509,20,India,2021,75.25
705678,57,Brazil,2023,90.37
309967,26,France,2020,14.45
604250,63,France,2022,54.47
131900,21,India,2024,33.66
305494,19,Australia,2022,84.51
907121,33,Brazil,2023,61.56
879162,38,India,2024,23.32
57237,52,Brazil,2017,43.71
880127,67,Australia,2016,2.84
698847,17,China,2017,71.4
928859,32,India,2022,90.87
858565,29,India,2017,78.94
571265,17,China,2022,34.33
259321,62,Russia,2015,40.64
121504,32,Brazil,2022,59.43
670630,4,France,2018,50.75
277175,72,China,2024,72.18
952463,26,USA,2016,23.35
624619,67,UK,2020,78.32
363934,24,China,2018,20.22
44750,22,Japan,2017,33.15
736601,26,UK,2021,8.82
42876,40,Japan,2018,43.32
536357,55,Australia,2018,90.4
785099,29,USA,2017,55.34
460544,29,France,2019,27.89
881755,10,France,2020,66.04
213393,49,India,2024,10.24
213979,10,UK,2017,43.82
570243,51,UK,2021,3.17
47624,70,Brazil,2016,72.73
72940,26,China,2024,16.09
710142,56,Japan,2020,98.14
360524,47,Japan,2023,51.91
309259,3,France,2017,55.9
393201,3,UK,2024,30.68
306799,61,Germany,2020,65.2
30180,53,Russia,2022,81.92
113745,2,India,2017,97.87
584428,34,Japan,2024,24.22
178268,2,France,2020,3.27
338578,38,China,2022,33.69
972407,51,China,2024,7.31
817169,54,Brazil,2022,15.66
796100,20,Australia,2015,62.34
530253,28,UK,2016,76.06
165496,72,Australia,2024,50.36
501490,44,Russia,2021,34.92
392365,72,India,2016,11.81
194617,31,China,2022,96.72
516125,67,Japan,2022,44.34
393335,31,Australia,2021,67.72
197436,10,UK,2018,34.09
452360,65,France,2022,31.51
913090,2,Australia,2018,20.39
368222,56,Germany,2018,38.65
826937,64,India,2022,77.3
673959,39,Brazil,2015,89.93
383246,45,UK,2022,4.29
422890,4,UK,2019,76.03
497035,66,Australia,2020,42.3
720220,71,Brazil,2023,72.57
808318,57,Russia,2019,93.7
294981,3,Germany,2022,68.63
281182,27,USA,2017,52.7
95750,44,Australia,2017,66.56
879260,16,Brazil,2015,91.03
561615,29,Russia,2017,14.74
206598,45,Brazil,2016,40.29
171305,54,Brazil,2017,56.83
492909,42,Russia,2024,63.45
477493,16,UK,2021,72.57
622723,67,Japan,2021,22.94
124155,40,Australia,2016,80.22
897277,55,China,2024,34.49
28682,44,USA,2017,51.26
512431,44,Japan,2020,73.04
171977,44,Australia,2018,19.14
943070,36,UK,2015,38.72
887855,7,Japan,2021,14.88
535110,2,USA,2018,54.05
817386,8,USA,2021,42.29
206552,13,India,2018,96.59
154966,19,Brazil,2020,71.35
511287,34,France,2016,54.5
426499,37,Germany,2023,94.48
15907,36,UK,2016,73.63
375734,31,UK,2022,36.15
993826,7,Brazil,2023,19.18
397813,12,India,2023,83.18
185001,3,France,2024,70.98
805548,10,Japan,2024,7.99
562552,37,Brazil,2015,74.74
724513,46,Brazil,2018,33.12
715395,60,UK,2024,54.1
177097,15,France,2020,75.13
407084,11,Australia,2020,56.34
889641,50,UK,2023,23.66
378105,4,USA,2019,17.81
597987,50,Germany,2020,43.96
10600,47,USA,2018,77.07
586784,26,France,2016,10.82
421083,28,India,2023,48.53
127127,47,Australia,2023,94.86
668188,38,China,2016,15.92
433618,59,Japan,2018,11.28
51176,61,Germany,2023,3.86
918452,16,Germany,2016,34.35
152814,33,Germany,2023,84.92
502149,29,USA,2017,74.57
46960,16,USA,2019,89.81
651335,21,Brazil,2017,40.66
587034,35,Brazil,2018,69.83
856278,71,France,2015,79.58
880586,56,China,2022,79.07
78873,27,USA,2019,81.56
810106,66,Australia,2017,62.81
937384,67,Germany,2021,28.71
231307,4,Japan,2023,36.68
816710,60,China,2016,71.75
896828,33,USA,2019,17.21
937466,28,UK,2016,48.47
81518,47,China,2020,11.72
371048,56,Brazil,2015,1.35
25946,68,USA,2019,20.13
942088,46,France,2017,14.99
915532,68,Japan,2015,28.8
755576,23,USA,2018,99.49
661644,29,Brazil,2018,6.3
168951,13,UK,2019,95.75
816398,39,Russia,2022,49.87
79933,23,India,2017,83.49
506149,35,USA,2019,83.84
245015,41,Japan,2021,81.26
966993,64,Japan,2017,66.81
235062,32,Australia,2016,88.87
132520,56,Brazil,2022,75.08
869605,51,Germany,2016,56.57
637264,11,USA,2017,96.27
759356,1,Russia,2021,45.6
666096,9,Brazil,2021,69.37
851981,57,India,2021,68.91
214740,57,Australia,2024,14.97
372653,60,Brazil,2016,35.94
903871,17,India,2024,64.23
924049,5,India,2015,64.29
193983,31,Australia,2020,98.05
904330,49,Russia,2021,11.04
874254,11,India,2018,52.05
691190,27,Germany,2020,28.81
412245,48,China,2024,61.42
302180,11,France,2021,53.77
537592,11,USA,2016,8.21
632061,2,Brazil,2022,25.85
224815,32,Brazil,2015,67.52
169310,36,India,2022,23.91
635827,72,Japan,2023,86.98
560021,43,UK,2022,63.67
768506,11,Japan,2021,61.03
755469,58,Australia,2018,39.94
205336,2,India,2022,74.05
957779,17,France,2020,7.52
85644,3,UK,2017,29.47
561713,31,France,2019,75.99
287762,13,Germany,2017,53.57
471550,5,India,2015,76.08
33209,66,Japan,2018,69.19
395251,33,China,2017,45.83
491791,66,Germany,2019,14.77
279874,66,Australia,2016,53.81
881326,43,France,2019,71.94
749700,35,UK,2023,68.86
722445,10,UK,2022,97.56
695841,21,USA,2023,84.13
803757,33,USA,2020,40.95
174510,60,Japan,2022,20.16
857660,37,Germany,2022,11.51
729265,42,UK,2020,47.67
836604,44,India,2023,38.89
885843,46,China,2016,91.69
808798,60,France,2015,17.94
401208,10,Russia,2018,30.5
380970,44,Japan,2021,77.33
248437,70,USA,2021,70.03
709125,37,Australia,2024,66.49
656250,67,Japan,2018,5.33
32616,63,India,2020,10.46
290846,3,Australia,2017,39.3
557428,38,India,2023,23.83
182440,8,Japan,2015,59.13
292383,71,Australia,2021,30.24
99728,44,France,2017,86.82
365006,47,USA,2015,66.39
605427,33,Russia,2019,61.11
864358,11,USA,2022,7.65
610968,26,USA,2016,9.82
413150,27,China,2016,67.28
681956,35,USA,2017,13.14
94162,15,Australia,2016,84.46
565002,72,France,2023,9.43
275185,20,France,2017,90.69
476758,19,Russia,2021,37.47
312607,24,USA,2024,7.2
963192,7,Russia,2017,94.15
680874,8,Australia,2015,42.15
904770,4,France,2018,15.71
429452,6,USA,2022,98.46
858128,35,USA,2018,51.71
615849,44,China,2021,42.26
467349,44,UK,2019,99.45
235418,28,France,2021,63.74
823606,25,Australia,2017,5.05
923489,66,China,2020,89.38
630793,64,USA,2024,58.57
691903,54,France,2015,65.83
133632,8,UK,2019,79.79
42278,45,Australia,2017,90.5
176471,9,Germany,2016,2.1
916516,68,India,2015,63.72
510002,62,Japan,2023,87.8
435994,51,UK,2015,82.45
537670,55,India,2016,66.19
850339,50,Russia,2022,39.62
937562,10,Japan,2021,35.46
405267,5,France,2020,10.62
346279,59,China,2022,80.76
889928,63,Brazil,2016,10.45
376206,44,France,2018,0.95
227433,13,India,2018,27.14
393779,39,Germany,2023,54.79
529025,42,Russia,2022,41.08
451311,14,Brazil,2024,8.94
677198,28,India,2017,98.11
480988,59,Russia,2024,9.4
605536,61,Australia,2015,46.39
910960,31,Brazil,2018,30.61
386308,3,China,2018,43.98
100855,2,Australia,2017,54.38
317922,18,China,2023,23.74
220618,59,USA,2018,82.13
825941,54,India,2015,24.7
331234,3,China,2022,60.9
855055,59,China,2020,14.61
305329,40,Japan,2022,34.31
442923,57,Japan,2020,32.39
893277,15,UK,2015,79.3
240532,64,China,2020,30.86
947960,55,USA,2016,93.14
437283,30,Brazil,2018,52.87
761390,7,China,2019,29.61
998507,15,France,2019,25.75
593329,62,India,2017,82.17
197590,62,UK,2019,60.07
53111,15,Japan,2017,50.75
69641,54,Australia,2017,14.88
953770,54,Germany,2022,73.98
643549,20,Japan,2023,42.33
899279,39,Brazil,2022,77.98
857887,44,India,2016,8.55
503775,71,Russia,2016,30.57
452892,17,Japan,2015,36.98
327566,6,Russia,2018,24.06
851204,3,Australia,2018,50.66
923309,29,UK,2017,79.27
151590,30,Brazil,2023,71.86
452432,8,UK,2022,21.01
769596,65,Japan,2015,95.38
407151,37,Germany,2022,14.79
312555,67,Brazil,2023,45.97
311908,68,Brazil,2019,76.39
59979,41,China,2018,68.55
233545,55,Japan,2019,9.86
722081,33,France,2020,89.85
873037,31,Russia,2024,76.99
482213,3,India,2022,12.08
512850,15,India,2020,39.72
849834,56,China,2023,37.73
660707,11,Brazil,2022,78.03
697935,16,USA,2021,6.77
500655,8,Russia,2019,71.92
239343,63,USA,2020,95.79
143728,57,China,2023,90.04
464717,27,USA,2020,99.64
351063,56,Russia,2018,1.25
479025,54,Australia,2015,13.96
823004,22,Germany,2021,1.62
394957,27,Russia,2021,18.47
96640,60,France,2019,28.88
325634,5,Russia,2024,19.5
662667,30,France,2023,29.63
107681,18,USA,2024,57.24
982243,6,Russia,2017,3.2
950425,54,Japan,2022,79.19
279808,60,Brazil,2017,80.5
190099,15,India,2024,71.2
713035,59,Brazil,2019,12.04
817347,68,Australia,2016,29.05
707214,11,Germany,2023,28.18
668780,33,UK,2016,39.26
609196,4,Russia,2015,57.21
980367,3,USA,2021,83.88
919858,47,Russia,2022,84.1
195459,14,France,2017,39.49
713342,36,Russia,2015,46.76
19007,29,UK,2019,80.68
963091,37,China,2022,86.56
726887,13,UK,2017,66.25
130413,66,Russia,2021,78.76
906914,15,Germany,2017,97.68
557218,70,China,2020,14.94
380543,26,Russia,2018,59.29
337363,2,UK,2022,39.55
803086,23,China,2018,14.04
195858,1,China,2024,63.79
358371,30,India,2019,37.03
212267,14,Australia,2019,9.12
757744,43,France,2021,52.04
747705,47,Japan,2017,59.13
996651,69,USA,2024,64.67
281905,32,UK,2015,52.78
739981,54,Brazil,2019,7.44
554448,31,France,2016,47.19
745103,8,USA,2016,99.19
600279,16,India,2015,10.94
973654,23,Russia,2016,48.86
78123,50,China,2016,80.48
675955,60,UK,2015,69.96
122866,46,China,2016,18.96
177570,72,Russia,2018,66.33
774913,43,France,2024,60.4
852327,44,China,2024,24.92
775033,8,Australia,2019,32.06
823093,36,China,2022,71.77
947445,59,France,2018,70.59
972713,71,Japan,2018,75.34
116840,51,France,2023,9.99
710953,9,USA,2021,91.94
467190,25,Russia,2015,66.09
540773,15,Germany,2024,66.73
874040,6,Australia,2018,40.11
8498,17,Australia,2022,60.71
112881,32,USA,2016,18.48
942725,56,Japan,2018,9.9
168684,27,France,2024,52.03
559274,27,Japan,2018,25.06
144856,13,UK,2016,13.68
418914,53,Japan,2015,2.63
842945,67,Brazil,2024,88.47
841198,41,UK,2022,50.04
50054,24,Germany,2024,19.52
52302,58,Brazil,2020,4.52
694308,66,India,2015,97.28
520232,53,China,2019,62.67
575379,35,Germany,2018,46.34
850714,6,Russia,2023,26.45
403325,35,Germany,2023,14.12
345577,4,Brazil,2022,80.99
428352,41,Australia,2017,30.51
852592,12,Brazil,2023,69.45
36804,30,USA,2019,78.12
725707,9,Brazil,2020,92.63
765929,16,Australia,2017,35.27
242574,59,Russia,2017,17.22
838652,20,USA,2021,45.52
389405,53,Japan,2018,99.04
359577,38,Russia,2022,56.44
943689,32,India,2022,73.24
783795,43,Brazil,2024,14.69
263506,49,Germany,2017,72.05
457184,11,Australia,2020,20.59
186842,40,India,2019,68.44
198929,41,UK,2018,8.81
65700,28,Japan,2018,51.58
90156,65,Brazil,2021,83.79
470471,53,Australia,2015,14.55
33426,16,China,2021,20.52
143037,47,Russia,2024,83.29
151930,4,Germany,2022,79.77
499651,50,China,2018,97.2
249211,59,Brazil,2017,41.63
470074,9,Germany,2024,1.01
429920,37,Japan,2015,87.5
269314,64,Australia,2019,0.75
696199,42,UK,2019,37.16
355505,35,Russia,2020,98.38
890234,53,Australia,2023,55.94
581616,1,Brazil,2019,23.63
155768,19,China,2021,39.44
824298,4,Australia,2024,83.69
212533,71,UK,2018,28.88
47737,69,Brazil,2019,10.1
940513,10,Brazil,2018,47.01
292992,15,Russia,2021,18.66
639779,6,Germany,2024,79.72
949862,25,Australia,2019,29.85
260396,16,USA,2021,0.92
215376,18,Australia,2024,92.48
689397,68,France,2016,20.09
238092,32,Brazil,2016,16.24
289539,27,India,2019,18.42
382327,30,Russia,2020,49.02
605810,41,Australia,2018,12.43
588345,49,Australia,2019,1.27
831367,55,UK,2019,21.58
880671,66,Brazil,2019,14.64
418211,39,France,2023,92.32
264380,37,France,2022,31.4
437974,20,Brazil,2017,9.25
713949,71,India,2021,37.1
523164,30,USA,2022,8.5
193852,54,UK,2015,85.23
655640,61,UK,2024,14.09
573328,10,France,2021,76.02
798717,10,UK,2019,46.27
899413,11,Brazil,2019,59.86
436009,44,France,2017,18.75
142291,29,UK,2020,56.3
276197,2,Germany,2019,64.8
807918,37,Russia,2020,33.61
483484,2,France,2021,90.99
7290,32,Russia,2015,41.79
333967,26,India,2022,38.69
840118,58,China,2020,84.4
187312,58,USA,2024,69.46
470727,8,Brazil,2024,34.46
629490,38,India,2023,95.97
904598,11,France,2021,98.76
820632,65,USA,2017,12.59
214152,7,Japan,2019,78.78
18766,43,Australia,2024,21.11
760230,56,France,2020,50.19
603402,57,India,2021,76.83
693907,54,France,2020,17.49
698892,24,Brazil,2017,66.78
64082,16,UK,2015,24.17
687052,34,USA,2022,38.84
417488,23,Russia,2018,14.98
970038,47,Germany,2020,15.14
240441,17,Japan,2016,10.4
747418,20,India,2020,59.67
977185,71,Japan,2019,36.66
267401,20,India,2019,58.98
496271,20,Germany,2022,19.47
104619,68,France,2015,64.62
877571,19,Russia,2024,98.25
93314,24,Japan,2020,41.88
790415,52,Brazil,2020,13.22
107180,68,Germany,2020,54.65
401960,44,Japan,2018,72.01
602474,71,USA,2020,93.89
701144,41,Australia,2024,18.64
116714,37,UK,2024,64.05
453408,8,France,2016,41.79
40843,66,UK,2022,13.37
336650,35,Australia,2015,1.62
911233,18,China,2017,92.64
812908,12,Brazil,2023,32.18
796878,26,China,2019,64.26
738014,24,Japan,2023,81.57
315915,52,USA,2021,87.32
164734,7,China,2022,70.44
617939,22,India,2024,1.75
374164,53,Germany,2021,96.81
332766,53,USA,2020,74.51
414899,37,Brazil,2018,2.52
140371,13,Brazil,2017,81.63
729109,22,Australia,2019,43.53
776200,49,UK,2020,84.28
839921,5,Russia,2019,17.6
312314,35,France,2019,31.35
299613,20,Australia,2024,65.72
250482,20,India,2016,43.81
230110,51,Brazil,2021,84.41
852650,50,Australia,2015,55.78
337890,35,Germany,2024,67.47
557108,17,Japan,2016,8.08
299968,46,Australia,2022,46.2
459296,13,China,2022,72.06
46972,23,India,2019,90.48
602041,25,UK,2022,21.26
36797,2,Japan,2016,82.93
730762,19,China,2021,23.15
91194,72,Russia,2016,66.19
42883,37,India,2015,95.81
422592,37,UK,2024,48.33
837320,14,India,2015,29.54
708034,39,USA,2020,44.08
47841,23,Japan,2024,91.71
274703,6,Japan,2015,73.94
776819,64,Australia,2021,10.35
544648,47,Germany,2019,89.6
735203,66,China,2024,11.99
424342,57,India,2018,77.02
155353,67,Russia,2018,78.82
735855,23,Germany,2020,64.64
765453,39,France,2016,11.91
788243,38,Japan,2024,82.52
253058,44,Germany,2017,69.85
537530,14,Australia,2022,80.11
95779,43,China,2023,2.46
906160,48,France,2024,59.79
490910,58,Russia,2019,11.06
522097,63,UK,2020,73.69
218143,27,Germany,2016,53.57
667023,26,Germany,2018,30.2
362308,5,Australia,2023,67.23
717258,16,Russia,2023,86.81
984,56,Brazil,2018,76.39
956064,45,Russia,2023,96.61
891367,21,Australia,2024,64.3
842637,55,China,2019,79.33
772018,46,USA,2015,45.91
945897,66,Australia,2022,41.67
508544,45,Germany,2018,81.33
125309,13,Australia,2021,91.8
529410,59,UK,2024,3.69
665381,61,Australia,2018,24.25
163110,35,Japan,2019,89.5
354784,65,Russia,2019,60.24
643306,50,Germany,2022,7.65
23249,1,Australia,2016,44.93
763017,24,USA,2015,26.98
71334,26,Russia,2015,84.08
605470,18,Australia,2019,99.2
356387,11,India,2023,40.63
260907,31,China,2023,11.89
560693,1,Japan,2019,73.71
82841,36,Brazil,2015,16.44
262500,27,Russia,2021,51.05
116201,14,UK,2023,49.13
44473,67,China,2016,17.06
372975,64,France,2017,93.15
613192,50,France,2018,66.4
421023,72,India,2017,20.21
818172,30,India,2015,1.48
828880,69,Russia,2018,22.77
487668,72,Germany,2017,56.15
253094,19,France,2020,10.52
712886,7,China,2015,34.84
65176,49,China,2019,5.05
248356,25,Germany,2020,54.59
499615,19,China,2020,52.36
446917,1,Russia,2016,10.2
164892,63,USA,2023,77.96
627852,23,UK,2022,61.97
219846,13,UK,2016,61.15
862049,43,Australia,2024,83.04
270984,28,USA,2015,37.18
979810,34,India,2022,27.09
944106,2,Germany,2015,0.72
612761,71,Russia,2023,9.24
813960,6,Australia,2018,8.69
510895,6,Germany,2021,32.07
652957,65,India,2023,71.94
991854,11,Japan,2022,84.09
382041,4,India,2018,56.06
428556,15,USA,2015,47.76
455556,1,UK,2019,79.34
18399,14,Australia,2022,17.58
984519,57,Germany,2016,97.79
740795,12,Brazil,2021,75.1
483585,13,UK,2019,39.58
989151,2,Brazil,2021,78.08
946613,21,Germany,2016,63.89
77845,26,Australia,2021,24.33
403494,3,India,2020,70.91
524693,63,Germany,2018,23.32
628589,8,UK,2016,9.84
943349,5,Australia,2018,34.29
100633,53,Brazil,2018,1.58
551515,37,France,2017,59.64
289046,41,Germany,2023,80.97
70067,22,Australia,2021,22.48
366596,65,France,2022,69.99
452476,41,Japan,2021,51.24
575065,61,Japan,2020,70.14
474131,41,Japan,2024,68.35
702702,14,USA,2016,86.3
692900,72,Australia,2023,97.18
654303,15,Brazil,2021,92.4
851222,16,Russia,2022,50.11
729762,6,Australia,2016,35.59
388698,35,USA,2022,56.89
293647,37,Australia,2019,86.79
884734,6,China,2021,84.49
638329,11,UK,2023,52.75
47191,28,India,2019,63.63
309021,2,Brazil,2023,42.69
834902,63,Germany,2018,15.14
132286,66,France,2016,25.81
659062,42,France,2023,46.58
69492,29,France,2020,93.88
388154,29,Russia,2017,53.07
889448,20,Brazil,2024,24.23
445458,36,UK,2022,49.08
828382,4,UK,2019,84.5
362492,63,Russia,2024,99.31
68886,41,Japan,2021,55.4
165722,23,Japan,2017,7.84
604113,7,India,2020,99.72
450466,52,France,2019,39.48
507976,70,Australia,2019,1.13
180980,15,India,2018,43.45
745273,67,France,2020,37.36
536737,44,Germany,2023,94.14
202102,54,Germany,2020,65.24
134998,42,Brazil,2021,80.79
41635,37,India,2015,81.81
604908,25,Japan,2022,35.54
688016,26,France,2020,88.42
679131,55,Brazil,2020,56.59
585934,13,India,2015,39.28
762605,53,USA,2023,88.81
984973,30,UK,2021,58.9
889970,20,Russia,2020,9.52
376443,20,USA,2020,39.92
699386,20,UK,2023,28.54
158758,72,Russia,2020,74.11
812101,52,China,2021,85.26
402744,65,UK,2020,43.72
182338,72,Japan,2015,77.01
587213,32,Germany,2017,88.03
419571,72,France,2024,86.65
772541,46,Germany,2017,33.79
759384,22,Germany,2020,76.04
887037,39,China,2015,57.59
788555,43,China,2016,37.22
438137,18,India,2020,57.89
414907,42,Australia,2024,3.37
576302,2,Australia,2021,88.2
156275,24,USA,2020,96.08
234154,42,Japan,2024,84.36
176386,63,Brazil,2022,92.58
775042,12,Japan,2015,27.92
992092,3,Germany,2016,46.28
883536,66,France,2016,25.55
276541,16,France,2017,15.14
513620,65,India,2024,50.64
397919,22,Germany,2022,31.73
32743,18,Russia,2021,73.93
318648,1,Germany,2020,40.62
353297,58,USA,2022,14.5
484009,41,Russia,2017,20.85
872411,5,Russia,2024,49.51
876348,1,Germany,2023,26.14
11310,71,China,2021,13.76
597358,30,UK,2018,72.21
180456,8,India,2022,91.91
368255,17,Russia,2021,79.06
268414,9,India,2022,7.17
891504,63,China,2019,79.28
3395,58,Japan,2023,48.25
164890,20,China,2023,45.88
895388,54,India,2020,89.8
436517,61,India,2020,17.47
677164,7,India,2018,70.85
414192,34,Russia,2024,93.13
80069,8,Russia,2021,39.73
604185,57,UK,2016,1.28
807733,18,Brazil,2021,83.99
945154,63,France,2019,16.51
918454,15,Germany,2023,62.43
450205,32,Australia,2017,56.1
476001,58,Japan,2016,87.52
503520,48,Russia,2018,65.88
457411,34,USA,2024,86.29
580609,29,China,2018,62.82
848022,10,UK,2022,18.45
761590,45,Brazil,2022,75.42
366968,47,Brazil,2022,17.68
625370,24,Brazil,2021,27.95
193378,32,UK,2018,60.01
375691,21,Brazil,2024,92.34
526324,39,Australia,2017,7.21
50468,64,France,2020,76.42
922656,17,India,2020,3.2
498457,12,India,2018,62.59
351850,21,Brazil,2023,89.04
391982,46,USA,2015,76.95
247243,69,Australia,2021,51.66
257190,14,Japan,2020,39.33
804658,23,Australia,2015,89.77
758032,30,Russia,2024,75.95
381948,46,France,2017,13.31
152435,26,Australia,2018,40.0
429566,54,Brazil,2020,99.9
496292,21,Germany,2022,61.99
943724,58,Germany,2023,75.8
243600,40,Japan,2022,39.87
480386,18,USA,2017,48.96
564046,39,India,2020,70.67
50007,19,Japan,2022,26.7
307143,1,Australia,2023,99.72
356964,27,Russia,2023,22.71
891369,71,USA,2024,94.83
482700,55,Japan,2020,37.81
596628,60,China,2018,42.93
776295,40,Russia,2022,89.33
447486,7,USA,2016,38.58
298887,44,USA,2022,75.51
59582,56,India,2015,56.3
553944,64,Brazil,2024,6.67
507258,30,Russia,2024,80.29
82500,28,Russia,2024,94.6
383781,57,Germany,2021,27.54
647303,37,Australia,2020,97.48
877998,23,USA,2016,68.23
631420,68,India,2015,56.84
263566,64,France,2023,84.79
65148,15,UK,2021,4.22
345623,67,Russia,2020,58.73
962452,34,China,2015,60.43
951767,10,Germany,2024,2.85
712306,29,UK,2016,43.55
365116,66,UK,2016,11.83
485702,51,USA,2021,64.96
49480,17,USA,2023,19.37
971148,44,Australia,2019,46.64
513005,62,USA,2018,31.54
360381,62,Germany,2019,6.47
649383,59,Brazil,2021,96.23
155736,63,Germany,2022,89.74
443715,54,USA,2023,54.29
683733,65,Australia,2022,4.81
400214,58,Brazil,2019,42.16
813472,17,Brazil,2024,74.06
199832,54,France,2021,27.1
210495,18,India,2017,22.04
923445,42,China,2023,49.53
407485,22,Japan,2019,1.72
517452,9,Russia,2020,97.39
509742,43,Germany,2017,68.73
412236,36,USA,2019,57.85
592988,43,Germany,2017,6.58
451510,45,USA,2019,47.25
144065,62,India,2021,20.26
700440,23,India,2024,85.02
255689,54,France,2024,64.54
750473,41,Japan,2017,74.01
284512,23,UK,2015,68.8
607544,56,Japan,2021,76.8
61764,38,UK,2016,92.39
489053,29,USA,2023,11.73
8884,23,China,2020,29.31
80135,35,Germany,2017,91.67
20064,61,USA,2022,47.66
849940,61,India,2022,95.74
437649,10,Japan,2021,79.25
269137,18,Australia,2020,43.69
233460,11,UK,2018,23.27
474585,34,UK,2015,6.96
674211,54,Russia,2024,41.65
267178,56,Brazil,2020,18.79
104121,15,Russia,2022,58.93
217598,24,UK,2020,83.29
44082,48,China,2024,65.96
31733,49,India,2018,71.58
346224,64,Australia,2022,34.16
419127,26,Australia,2015,61.01
810539,22,USA,2024,53.59
692784,2,USA,2020,11.79
315050,8,USA,2020,16.98
786464,38,India,2016,29.24
140061,42,UK,2023,20.35
673923,3,Brazil,2021,34.32
221051,18,Japan,2017,35.88
442940,7,Russia,2017,33.84
677688,31,Russia,2024,17.21
679860,66,Russia,2017,95.08
963983,45,Germany,2016,27.85
125100,61,UK,2020,18.52
815317,72,China,2016,81.31
500252,29,China,2020,34.82
512953,57,India,2018,55.3
337377,23,India,2023,88.71
766733,55,India,2024,0.6
578310,15,USA,2023,50.02
255574,69,France,2022,12.96
169152,49,China,2023,43.58
216472,55,USA,2020,33.22
370096,23,Japan,2020,38.96
742555,57,India,2020,30.14
870019,5,Russia,2020,21.72
941679,43,Australia,2022,93.2
738419,11,France,2024,88.17
4136,23,Brazil,2018,42.46
995847,1,India,2022,61.41
536995,3,Japan,2022,51.51
57200,26,Germany,2016,77.7
936566,61,USA,2016,14.65
567370,9,Japan,2019,68.4
970056,30,India,2015,34.51
3432,45,Brazil,2020,71.74
49473,51,Brazil,2015,37.54
460984,55,France,2019,76.35
228010,59,UK,2024,71.2
172789,10,Russia,2024,48.88
338732,15,China,2020,48.24
175755,30,Germany,2017,32.0
897521,19,Brazil,2023,50.34
719532,10,Russia,2016,5.18
583925,70,Australia,2024,95.28
480522,72,Russia,2016,70.4
16957,49,Brazil,2015,47.2
316228,7,France,2016,29.35
363414,59,Australia,2018,20.28
733671,20,UK,2015,71.9
399457,48,France,2019,27.91
171772,8,China,2017,57.34
197305,34,USA,2015,82.4
677971,51,Russia,2023,15.08
942454,66,India,2021,55.12
211205,54,Russia,2022,38.84
483399,50,Japan,2024,42.79
699791,2,China,2016,97.83
679314,39,Germany,2019,10.04
466897,58,Brazil,2020,96.97
175957,69,Brazil,2024,41.05
912202,15,India,2019,10.37
985398,54,Russia,2019,33.73
715127,60,China,2023,4.18
472835,57,USA,2021,72.24
412019,34,Australia,2016,98.25
172469,16,India,2021,85.69
893284,21,UK,2015,39.12
586,23,India,2021,82.66
845169,1,Japan,2017,49.12
184748,4,Germany,2018,89.36
783976,62,Japan,2021,77.84
282583,15,France,2015,49.84
591828,16,Germany,2020,96.31
27344,1,India,2018,18.44
200307,59,Australia,2024,18.16
528411,10,China,2018,68.28
551812,69,France,2015,95.72
975019,38,Brazil,2019,96.6
399851,38,China,2015,97.15
998833,21,India,2024,79.3
517640,4,France,2017,76.35
615332,65,Russia,2023,33.51
592364,21,France,2017,96.08
943680,46,China,2020,33.69
506551,53,Brazil,2017,17.99
122651,59,Japan,2022,86.84
459039,68,USA,2018,97.62
176331,25,Germany,2021,25.85
543437,20,USA,2018,27.37
859311,47,Germany,2022,29.02
877041,48,USA,2018,90.78
657939,47,France,2022,42.33
920270,20,Japan,2019,81.89
905935,60,USA,2015,43.81
217863,31,Australia,2019,93.71
930468,35,UK,2020,54.29
179545,15,Japan,2022,55.72
582097,40,India,2023,5.57
360752,21,France,2023,48.1
907128,13,India,2020,25.79
817793,64,UK,2024,14.84
922209,27,China,2024,85.76
411707,42,USA,2019,18.76
847958,32,India,2020,38.19
187807,37,India,2015,38.1
637350,52,China,2024,10.18
237068,65,China,2024,36.27
819812,63,Australia,2022,92.07
434510,72,Brazil,2023,72.9
513601,14,USA,2019,57.52
821803,40,Japan,2015,5.79
12585,30,Russia,2020,14.68
405253,52,Russia,2020,10.12
703035,15,Japan,2017,86.89
580402,70,Australia,2022,9.84
640572,51,France,2017,49.94
85528,55,Japan,2023,75.13
79940,64,UK,2024,33.21
215401,50,China,2023,54.41
450313,26,France,2018,59.56
461668,10,Australia,2016,45.71
71156,34,France,2021,4.94
201732,39,India,2017,89.47
322132,44,Russia,2018,45.91
854309,16,Japan,2021,82.85
998085,7,USA,2016,89.85
479628,13,France,2018,10.81
554162,33,Russia,2022,34.32
653402,5,USA,2022,92.54
119785,14,UK,2016,62.9
754656,35,Germany,2018,48.76
848855,37,USA,2016,41.11
328454,10,China,2021,57.2
510702,15,Russia,2018,13.13
248083,70,Australia,2015,20.96
746425,24,Brazil,2023,42.75
336607,17,Japan,2018,82.89
570810,72,Brazil,2021,21.21
162930,13,France,2020,12.25
244406,43,Japan,2015,61.87
604557,20,Japan,2016,71.12
313397,36,Germany,2024,26.58
696902,21,Australia,2023,5.24
156576,72,UK,2024,30.39
843310,71,UK,2020,66.55
281862,4,China,2016,83.02
526308,23,India,2024,88.23
826924,35,Russia,2018,5.18
928751,26,China,2024,13.77
304804,53,China,2021,21.9
960625,48,Brazil,2024,34.42
264088,28,France,2019,57.9
633750,45,Australia,2022,61.97
255531,17,China,2021,56.11
874035,38,Australia,2018,50.64
632431,55,USA,2017,64.99
939146,56,Brazil,2018,69.04
633855,37,India,2022,13.82
686176,62,Australia,2016,22.48
561807,17,China,2022,11.31
15768,66,India,2023,60.53
32423,45,Germany,2019,98.45
329378,61,China,2021,97.06
541451,17,India,2020,64.7
255393,71,China,2020,1.05
141115,9,Japan,2017,89.97
358210,11,India,2015,48.58
60322,22,Japan,2023,16.42
555153,11,China,2019,15.42
98266,18,India,2018,47.15
633511,58,Russia,2019,52.8
976213,28,UK,2015,64.88
838739,21,Brazil,2016,94.1
367503,17,China,2023,23.18
598614,59,China,2018,17.44
629571,41,France,2022,22.72
834355,71,Japan,2021,69.99
731495,3,USA,2020,87.88
354637,63,UK,2020,69.91
60428,27,USA,2020,27.45
95351,11,China,2024,13.17
826159,3,Brazil,2020,50.99
234301,32,France,2020,66.92
551014,71,UK,2020,39.47
809757,61,Brazil,2017,4.35
612319,47,UK,2017,24.06
312051,41,UK,2015,21.8
279786,46,USA,2018,89.74
847817,13,Australia,2016,72.34
382682,12,Australia,2016,37.48
159917,47,USA,2021,38.2
841548,68,France,2023,85.85
751586,24,Japan,2017,5.5
680154,2,Germany,2024,53.51
978508,42,France,2023,37.38
392247,7,Germany,2020,84.55
446911,25,Russia,2023,34.87
777799,2,Australia,2023,17.26
799581,50,Australia,2016,82.99
819676,59,Germany,2015,85.34
192430,49,Japan,2023,31.46
735,69,UK,2016,74.5
654947,23,USA,2023,12.79
327826,35,USA,2018,10.01
106126,19,France,2016,23.99
46493,62,Russia,2022,34.57
733307,29,Japan,2021,15.78
789673,31,France,2015,71.91
159061,12,China,2017,64.93
80748,8,China,2020,6.35
697536,72,UK,2020,85.85
748146,13,Brazil,2019,46.5
803579,1,Russia,2020,64.39
537683,41,France,2021,13.47
743271,10,France,2020,40.72
215231,49,Australia,2018,36.01
135941,7,UK,2022,57.89
362478,67,USA,2017,7.95
537149,54,Russia,2022,13.89
162061,32,China,2016,96.28
455702,5,China,2016,94.63
448367,7,UK,2021,13.26
603904,38,France,2019,21.92
331741,29,France,2016,81.81
983506,35,Japan,2023,58.79
914743,69,China,2015,14.72
258587,7,Germany,2022,59.7
527964,28,Brazil,2020,16.26
593384,65,Brazil,2015,29.61
386972,56,UK,2023,82.38
644339,71,China,2017,96.49
782425,13,Brazil,2024,76.39
84185,2,Russia,2024,79.98
337120,59,UK,2022,91.65
241282,55,UK,2020,3.84
734819,50,China,2023,97.15
8517,4,Australia,2024,77.04
865257,19,UK,2018,91.52
662428,4,Germany,2023,37.4
646567,15,China,2020,11.89
266748,30,USA,2019,43.29
771367,5,USA,2022,92.88
948174,4,USA,2020,99.81
460264,9,Brazil,2017,62.74
794147,4,USA,2017,96.89
72222,64,France,2015,43.86
995231,53,France,2020,66.27
841766,16,Japan,2021,90.8
566542,58,Russia,2015,95.04
781284,11,UK,2022,12.67
361270,31,UK,2021,89.59
404834,62,India,2022,97.03
374484,46,China,2023,53.46
681476,6,Australia,2020,21.02
514826,72,India,2019,15.39
742866,61,Japan,2022,97.32
639896,63,UK,2016,61.66
42346,33,Australia,2022,15.29
235399,21,Japan,2019,5.88
448426,36,USA,2015,24.93
467137,14,France,2020,97.37
364107,28,Japan,2017,11.49
357898,27,India,2022,4.05
605118,30,China,2016,76.9
106169,28,Russia,2022,96.44
157547,29,France,2016,34.29
242677,21,Brazil,2022,56.63
385872,50,China,2016,63.67
148209,54,Germany,2018,80.85
387457,61,Japan,2022,9.5
404004,58,Russia,2023,47.22
981029,42,UK,2018,28.98
389525,32,France,2017,96.63
764974,18,India,2019,43.97
621971,49,India,2017,91.4
680584,5,Brazil,2024,53.71
907858,47,China,2018,15.36
983047,19,Russia,2021,80.68
610049,37,France,2015,17.3
100105,56,India,2021,52.16
59398,8,USA,2023,89.46
91974,41,USA,2023,35.91
785564,70,Brazil,2019,9.32
597516,15,China,2023,15.21
799372,14,UK,2019,17.98
77096,29,France,2018,32.84
610786,31,Brazil,2023,59.18
667271,22,Japan,2021,28.33
133315,25,China,2023,33.27
381105,3,Brazil,2019,24.93
795120,42,UK,2020,98.07
198285,56,Russia,2017,67.13
580270,35,India,2023,34.46
277410,42,UK,2018,45.67
793946,12,Australia,2022,38.29
126770,67,Australia,2019,15.21
66776,29,Australia,2016,55.18
434797,21,China,2018,83.5
901137,10,France,2024,3.07
427407,47,Australia,2020,34.59
959107,35,USA,2021,28.75
12439,20,Russia,2017,55.23
292854,14,Germany,2021,14.45
189116,53,USA,2023,66.06
889404,60,USA,2017,19.6
566242,63,USA,2017,58.98
694491,65,Brazil,2015,86.67
297721,29,Australia,2015,51.54
394335,43,China,2024,13.61
590262,15,Japan,2016,57.14
846200,26,Germany,2015,91.79
44385,18,Japan,2017,89.85
408446,43,UK,2021,44.7
806965,56,UK,2023,54.0
587346,39,Russia,2018,79.93
552342,62,Japan,2015,2.43
47104,5,France,2019,66.65
586557,37,USA,2016,13.83
500857,35,Russia,2017,2.65
977913,70,USA,2022,65.51
894858,19,France,2021,68.64
574089,32,UK,2018,75.81
232622,33,USA,2015,62.99
917351,43,India,2015,89.95
694333,48,Australia,2024,98.31
968822,25,India,2017,38.87
976838,65,Brazil,2015,18.87
22739,44,Australia,2019,54.63
657442,29,UK,2015,7.92
257681,40,Brazil,2018,57.59
536471,72,Japan,2021,9.97
824619,21,France,2015,84.02
538804,43,Russia,2016,77.94
463704,14,Japan,2023,49.32
596341,9,China,2021,66.61
529588,65,Brazil,2020,89.71
22241,5,Germany,2018,43.28
434936,24,Brazil,2020,21.65
52191,72,Japan,2019,33.61
242247,29,Australia,2015,8.24
372427,72,Brazil,2020,34.5
796351,21,Brazil,2021,67.25
505831,40,Japan,2020,38.29
743344,4,Germany,2020,32.59
651809,17,China,2017,70.4
839281,25,Brazil,2023,31.54
99876,56,Brazil,2018,84.79
836521,19,UK,2016,98.39
392831,71,Japan,2022,43.73
99312,60,China,2015,86.88
945147,20,Japan,2017,26.24
943039,28,USA,2018,26.29
670642,10,Brazil,2016,76.81
194553,48,USA,2016,36.2
257224,46,China,2022,49.56
891815,19,India,2019,58.96
168617,16,China,2020,98.05
701152,53,UK,2016,83.67
749609,28,USA,2023,30.66
658712,25,UK,2024,86.74
642501,19,China,2022,77.74
817255,62,Australia,2017,92.65
92237,47,China,2021,5.96
156195,58,Australia,2023,66.91
618125,16,India,2016,23.38
828293,64,Australia,2021,82.04
436100,12,Brazil,2017,6.09
787194,51,USA,2020,14.12
380086,65,France,2021,31.52
330581,54,India,2024,13.74
672966,13,Australia,2017,99.99
772330,20,India,2022,19.56
255844,8,Japan,2018,81.61
107009,67,Germany,2017,80.7
872095,44,Japan,2020,10.41
50427,5,France,2015,85.36
599197,8,USA,2017,15.24
459643,10,Brazil,2022,40.08
950257,61,China,2021,10.2
496317,62,Australia,2022,72.53
596078,10,Brazil,2017,96.36
701522,10,Brazil,2019,88.63
357124,31,India,2015,37.15
112688,15,Germany,2022,47.92
743107,49,India,2018,14.46
947465,69,India,2022,32.47
358572,48,Japan,2019,81.97
430701,54,India,2024,92.08
281900,1,Russia,2021,94.48
391257,66,Australia,2021,84.74
277875,43,China,2019,81.8
207244,38,Japan,2015,33.27
294133,20,India,2018,66.96
66852,58,Brazil,2023,71.4
54722,13,China,2024,67.47
178951,26,Australia,2022,17.32
682791,44,USA,2020,17.24
888205,38,Russia,2016,17.05
794901,26,France,2022,52.19
978683,35,France,2018,27.44
639279,44,Australia,2015,73.77
675338,54,UK,2020,10.94
147589,31,Australia,2021,42.24
646824,2,Australia,2017,82.39
465317,20,China,2016,37.62
233379,50,USA,2023,21.53
684108,24,China,2023,43.51
130510,66,Russia,2020,44.32
489853,28,Brazil,2016,43.45
25905,40,Australia,2022,47.92
795367,55,Japan,2023,73.74
349335,27,Australia,2023,93.25
366147,38,USA,2015,13.92
25094,42,India,2018,41.1
988889,31,Russia,2024,44.08
216303,49,Japan,2022,65.19
388211,22,Australia,2023,21.54
30235,47,USA,2022,83.61
109083,49,USA,2023,13.99
397361,57,Germany,2017,49.09
329026,31,UK,2016,32.16
889521,51,Australia,2017,45.5
849755,46,USA,2018,73.16
631101,36,China,2021,70.2
625954,71,Japan,2016,10.62
220769,71,Japan,2023,26.65
527443,24,China,2018,52.01
846169,59,Germany,2020,32.71
783239,41,China,2017,47.46
104772,43,China,2022,11.39
33098,8,Germany,2015,31.68
512847,72,UK,2024,65.78
840106,44,Australia,2018,71.01
269458,15,Brazil,2024,69.57
242893,50,Germany,2021,66.84
605947,13,Russia,2018,5.25
468399,56,Japan,2018,60.57
503774,37,India,2015,61.68
754278,46,France,2021,45.74
126120,39,Japan,2019,89.81
210024,20,UK,2018,73.27
970775,21,France,2022,51.33
832471,54,France,2017,19.84
165316,61,India,2024,97.25
990886,59,Australia,2016,2.96
370146,55,UK,2021,82.28
284823,50,China,2021,49.59
742857,49,UK,2016,65.14
484101,9,Brazil,2024,70.0
368441,71,UK,2015,22.58
945465,5,Russia,2019,55.42
551900,17,USA,2016,27.08
731722,28,UK,2021,73.02
436597,33,Germany,2018,88.73
728830,45,France,2020,16.35
826018,24,USA,2022,85.61
791323,40,Russia,2020,76.61
117454,19,USA,2015,42.77
986882,45,Japan,2023,95.3
770227,20,France,2016,78.12
997411,25,China,2024,21.33
640603,23,Japan,2020,66.93
499671,4,Brazil,2024,81.54
805905,54,India,2020,12.64
377252,8,France,2017,43.2
653168,3,USA,2018,20.58
955790,44,Brazil,2017,26.62
734448,37,USA,2018,15.56
425647,4,China,2021,12.97
278315,3,France,2019,98.04
294447,54,UK,2020,63.35
384988,19,Brazil,2020,26.57
141411,58,Japan,2020,29.58
581712,12,France,2023,72.54
100749,62,UK,2020,35.16
217880,48,Russia,2019,56.94
357542,21,France,2023,99.71
347426,36,UK,2021,77.18
829140,2,France,2018,36.92
683189,19,France,2017,42.8
453441,29,India,2019,89.41
673439,13,Australia,2017,33.34
832297,69,Brazil,2016,13.94
400964,19,India,2018,13.05
192293,57,France,2019,52.94
565292,27,Russia,2019,26.02
774750,70,Brazil,2016,9.23
666996,59,France,2022,78.2
21382,21,Germany,2016,94.12
463525,59,Germany,2021,55.14
905673,54,Russia,2022,16.98
619881,42,India,2024,30.59
987350,4,France,2015,20.27
849084,62,USA,2019,97.32
799627,36,UK,2017,13.06
307155,28,France,2023,87.39
989106,3,Japan,2024,88.36
129144,25,India,2020,84.77
767562,61,UK,2015,57.81
956965,40,Brazil,2015,74.03
291580,25,Germany,2023,87.55
950276,31,Germany,2017,76.96
932075,72,UK,2017,89.07
931456,22,Germany,2015,33.96
983880,54,Japan,2023,28.77
20680,29,China,2022,18.49
437056,52,Australia,2018,21.39
769222,32,India,2021,57.91
436928,34,Australia,2022,4.5
340194,44,China,2021,38.67
612030,47,India,2019,44.01
551100,9,Australia,2019,87.89
251768,6,Brazil,2022,26.02
680720,2,Japan,2015,11.69
156213,9,USA,2017,51.69
468856,15,Japan,2020,33.75
90678,22,France,2023,63.45
554585,63,UK,2022,45.73
935265,20,China,2021,33.3
459922,12,Japan,2023,43.96
782873,4,France,2017,6.72
528708,14,UK,2020,53.03
513096,57,Germany,2020,38.89
636407,11,Australia,2018,79.5
419557,2,USA,2020,38.02
784099,30,Brazil,2018,47.47
37870,31,Japan,2024,71.18
291590,22,Brazil,2022,4.08
444408,64,India,2018,15.96
526658,38,Germany,2015,56.13
333238,20,Japan,2021,30.53
449936,52,Australia,2020,31.36
61238,41,Germany,2023,71.05
916209,50,USA,2024,24.93
762440,19,India,2022,13.97
248859,33,China,2021,92.2
645774,7,Russia,2015,47.8
218189,48,Brazil,2024,61.55
623301,40,China,2015,66.47
195872,22,Germany,2017,10.32
807745,71,Germany,2016,76.36
50385,10,France,2020,25.49
377769,38,Brazil,2017,73.71
355256,51,UK,2018,99.41
478549,37,UK,2017,65.57
125300,11,Germany,2022,60.85
608196,25,France,2018,34.54
27694,30,China,2023,43.49
29840,63,China,2017,30.38
720643,19,Russia,2015,4.59
775866,69,Germany,2015,54.54
671335,62,USA,2021,95.86
276199,28,USA,2017,98.07
534962,59,UK,2015,75.49
758516,16,UK,2022,62.8
943662,47,Australia,2018,82.18
257068,17,Germany,2019,99.3
75167,13,USA,2015,66.04
3200,43,Germany,2017,88.18
917016,39,Japan,2018,60.82
760892,22,UK,2020,40.31
204624,33,UK,2021,1.47
324899,57,India,2020,16.65
472878,37,Australia,2023,96.44
804221,68,France,2022,13.77
514319,37,Russia,2023,54.09
180599,4,USA,2016,2.17
129677,60,China,2017,61.83
999508,23,USA,2016,99.88
915247,52,Australia,2019,3.92
685261,36,Japan,2015,50.99
48515,50,UK,2023,34.8
613786,24,China,2017,49.37
228033,43,Australia,2016,61.23
862718,44,India,2019,95.54
924837,62,Russia,2017,16.77
876850,8,Japan,2018,20.36
556014,11,Germany,2017,10.56
974362,70,Brazil,2021,42.82
725608,15,India,2017,68.68
386691,20,Russia,2019,6.79
402855,26,India,2017,40.98
518357,42,Japan,2018,25.66
724633,26,USA,2018,29.35
742272,64,Germany,2015,6.74
650093,58,Brazil,2024,83.09
755165,28,Japan,2021,94.32
581923,63,UK,2021,67.12
637189,56,Australia,2024,76.83
513625,37,USA,2017,70.37
499142,70,Germany,2024,22.46
8334,13,USA,2024,17.64
617277,4,USA,2020,37.3
614662,37,USA,2018,2.17
755185,20,China,2024,99.99
839882,7,Russia,2018,37.84
852965,39,Russia,2021,86.8
566386,45,Brazil,2021,3.69
402903,55,Japan,2017,73.85
261266,63,UK,2018,0.5
899215,59,France,2015,91.94
455900,11,China,2023,35.37
391049,35,Japan,2023,69.61
694660,29,France,2020,81.53
650469,58,Germany,2020,63.96
247149,47,USA,2020,68.17
645578,56,Japan,2019,15.54
848517,16,Germany,2019,67.05
897755,61,France,2019,25.19
999635,24,USA,2023,93.34
767721,9,Brazil,2017,87.27
629687,53,India,2019,33.15
517843,69,India,2021,38.5
807631,56,Russia,2015,20.92
354954,14,France,2024,98.95
839368,40,Japan,2017,54.26
910081,28,Australia,2018,10.77
979700,49,USA,2024,87.42
586131,68,China,2019,58.78
317988,2,Australia,2017,82.47
11241,4,India,2018,43.11
381599,66,Brazil,2016,97.98
347293,65,USA,2016,16.5
82321,47,UK,2023,86.23
460558,61,Germany,2023,49.76
828280,62,Germany,2022,62.83
287352,69,India,2020,20.14
946651,67,Australia,2020,25.9
954423,6,Japan,2017,88.43
979382,43,Australia,2022,32.56
12372,29,Brazil,2017,58.67
195044,20,Japan,2017,6.49
721984,44,Japan,2019,34.93
654253,35,UK,2022,71.55
686119,25,Brazil,2015,23.01
776634,33,Australia,2017,93.91
698224,21,India,2020,41.09
88821,39,Germany,2023,86.77
846546,51,Russia,2022,53.95
117819,15,Brazil,2016,14.04
465446,51,Russia,2021,70.97
184554,39,Brazil,2015,75.72
520480,66,USA,2022,48.71
294668,17,Brazil,2020,50.61
892665,31,USA,2017,54.54
80926,19,USA,2018,87.42
884536,34,UK,2016,80.77
445422,70,Brazil,2015,3.73
376628,30,Russia,2020,52.28
378949,67,Brazil,2016,70.89
26036,71,Japan,2023,35.27
191369,65,USA,2020,40.98
899005,61,India,2017,93.62
119348,48,France,2021,20.57
610106,39,Japan,2017,21.8
239853,64,USA,2015,28.19
419344,59,Germany,2015,99.83
428415,69,Germany,2023,45.85
169113,55,France,2021,47.14
867302,55,Russia,2015,24.06
821848,60,France,2020,63.87
982719,26,Australia,2020,35.96
769794,29,Japan,2015,76.22
957199,49,USA,2023,29.42
431174,24,Russia,2020,65.73
483598,29,UK,2015,44.39
661385,26,Japan,2020,80.49
878362,57,UK,2018,60.13
401178,43,Australia,2020,56.14
144533,67,India,2018,11.57
828963,2,USA,2017,89.9
554294,42,Russia,2018,63.82
844953,53,UK,2019,22.94
581813,20,Brazil,2020,94.02
122728,7,Japan,2017,9.76
267631,12,Japan,2020,39.33
755230,31,France,2019,3.87
339119,29,France,2018,80.37
540718,6,France,2015,14.72
546017,14,France,2024,85.88
96083,17,India,2024,48.83
366318,35,Australia,2019,60.04
510454,18,China,2017,86.98
68551,55,Germany,2023,12.62
83374,45,Russia,2024,63.74
981595,56,USA,2016,20.44
934436,64,France,2020,13.38
461093,42,India,2020,79.48
214195,54,Japan,2019,86.79
519698,30,Germany,2021,17.55
393738,69,Japan,2017,16.71
327171,41,USA,2015,41.75
534069,6,Japan,2022,94.79
812679,67,France,2022,68.53
552241,50,UK,2023,23.86
708357,49,China,2020,80.98
491008,50,USA,2018,51.41
761576,9,Germany,2016,99.98
10206,28,India,2020,12.64
49085,32,Australia,2021,92.66
131940,34,Brazil,2017,18.69
396839,60,UK,2021,68.5
46824,39,Germany,2020,76.53
705326,19,Russia,2019,71.22
252949,51,India,2015,4.52
699825,60,Russia,2021,45.97
882784,31,Germany,2016,3.57
721334,31,Australia,2022,92.06
840225,70,Japan,2022,71.15
118118,17,UK,2024,9.74
272199,29,Japan,2016,30.42
964115,48,UK,2016,59.44
171936,70,Brazil,2023,27.58
841903,7,Japan,2022,73.26
521871,6,Germany,2022,92.88
578427,16,Germany,2024,46.25
538890,59,France,2015,51.64
789067,63,Brazil,2022,79.5
446331,17,UK,2022,93.96
927623,29,France,2024,52.85
724629,18,Germany,2017,84.38
21699,32,France,2023,54.26
135042,13,Germany,2017,12.56
884741,30,China,2020,95.17
285609,46,Australia,2023,99.62
755692,46,UK,2021,97.5
241449,27,India,2023,80.14
951607,58,Japan,2017,31.5
774050,40,Japan,2018,32.93
538552,65,Brazil,2018,83.42
342951,72,Australia,2021,20.39
974261,20,China,2023,92.58
86583,47,Brazil,2019,91.03
326955,21,Russia,2016,90.94
344772,5,Japan,2017,54.41
568075,22,Russia,2015,30.93
693509,70,China,2024,24.43
505404,30,India,2018,25.53
570159,18,Germany,2024,51.66
208313,5,India,2020,18.18
916272,32,Japan,2018,2.73
288526,66,France,2015,83.27
892175,18,Australia,2022,54.17
189999,57,France,2021,76.83
716114,63,UK,2023,78.9
414904,53,France,2018,32.5
989592,49,Germany,2019,77.65
389782,45,Australia,2015,60.68
552427,58,Germany,2016,67.85
933418,15,Russia,2022,44.25
934333,60,India,2016,42.88
213558,37,Russia,2018,65.81
271388,36,Russia,2024,41.37
482307,62,Brazil,2024,88.79
848419,27,UK,2020,59.32
615305,6,Brazil,2019,54.7
829827,48,UK,2021,57.75
699194,45,China,2022,60.55
82276,26,France,2022,6.51
234055,64,Russia,2024,47.56
880546,39,India,2019,52.47
183678,59,China,2020,54.76
720850,17,China,2023,42.64
339645,2,Germany,2023,39.53
368351,48,Japan,2017,73.27
810930,30,Australia,2024,88.79
966010,20,France,2019,13.99
104759,12,Japan,2015,79.88
654122,68,France,2017,77.41
731625,33,India,2020,87.44
848222,16,France,2020,47.32
437554,19,India,2017,32.4
589348,4,India,2023,53.07
322146,70,Brazil,2024,68.95
432917,53,India,2020,42.81
64163,7,UK,2022,53.91
95873,50,France,2021,45.67
205015,57,Germany,2020,62.61
488501,47,Germany,2020,27.52
850758,9,USA,2020,16.33
703282,2,Brazil,2019,67.42
1579,55,Germany,2015,87.71
828721,21,Germany,2023,93.72
239402,17,Germany,2017,67.79
891298,60,Russia,2024,54.4
915463,2,Australia,2024,86.52
395264,5,India,2018,99.09
946668,67,China,2015,66.13
201017,17,USA,2023,52.54
876383,72,Germany,2022,48.0
564944,58,Australia,2022,10.84
259573,68,Russia,2023,6.35
10859,66,Japan,2020,99.83
496378,42,Russia,2020,41.45
937987,45,UK,2019,29.92
182887,51,India,2023,9.32
927694,43,France,2017,34.43
893986,47,Brazil,2021,81.68
852789,4,USA,2018,36.85
695427,28,Brazil,2024,26.92
961173,37,India,2019,35.31
430760,63,China,2018,11.74
198764,40,Germany,2016,93.93
786462,17,Brazil,2021,34.68
999542,15,India,2020,84.43
221315,53,Australia,2022,24.6
861075,7,Brazil,2018,52.7
55209,11,Japan,2022,33.54
76479,4,India,2018,43.54
728731,72,Japan,2016,37.17
161579,15,Japan,2017,36.37
362642,19,Germany,2019,56.53
913276,57,Brazil,2017,29.76
817268,1,Brazil,2019,70.6
682480,14,UK,2021,80.05
298385,11,USA,2024,15.53
682445,20,China,2020,6.32
78277,51,India,2021,18.26
985267,48,India,2023,90.85
603982,18,Japan,2016,2.59
81354,6,Japan,2021,74.26
542754,42,France,2021,78.99
905386,17,Australia,2020,85.79
281387,55,UK,2021,88.38
205850,72,France,2015,30.15
998028,59,Germany,2024,70.44
780527,68,China,2015,20.63
667436,11,USA,2020,56.37
440529,20,Japan,2022,71.26
194670,29,China,2023,3.47
750875,30,USA,2023,53.59
970373,58,China,2020,75.95
827399,25,France,2024,44.98
416149,56,UK,2018,81.01
506625,41,Germany,2015,51.11
333027,19,USA,2018,38.83
982269,51,USA,2021,89.93
724903,53,Brazil,2024,78.97
156823,1,Russia,2024,26.82
244753,45,China,2017,56.73
258554,72,Russia,2022,71.15
139407,41,Australia,2020,97.9
206203,7,France,2023,5.8
55635,13,UK,2016,69.55
55683,19,Germany,2021,11.42
210006,27,India,2023,87.62
816455,40,Russia,2015,98.58
53147,9,UK,2020,87.48
583514,54,UK,2018,80.96
688150,58,UK,2022,85.43
809443,59,Japan,2023,3.54
78149,30,Japan,2024,34.03
113775,14,Australia,2018,64.29
798498,54,India,2021,54.97
267789,26,Brazil,2016,97.45
833840,6,UK,2023,30.19
646433,37,USA,2018,6.61
403770,22,Brazil,2017,68.03
814701,63,Germany,2018,75.63
666683,34,China,2019,72.29
236438,24,Germany,2016,44.17
798113,23,Russia,2020,60.94
518982,20,Germany,2021,23.34
252225,67,Germany,2015,76.99
5346,69,USA,2017,60.66
4814,42,China,2017,19.36
772512,42,Brazil,2021,50.61
16360,37,Australia,2023,81.81
224143,60,India,2024,38.68
743325,9,Russia,2023,52.35
597542,11,France,2019,81.47
913591,51,Russia,2024,55.15
183702,57,Japan,2023,8.24
685837,68,China,2024,42.26
690500,11,India,2015,28.6
520308,39,India,2016,4.31
84643,53,India,2020,17.43
762282,11,France,2023,85.28
427144,42,France,2022,70.46
800683,57,Russia,2018,86.87
662101,7,Japan,2024,46.39
977343,47,Australia,2016,30.72
534013,49,India,2021,86.73
947933,10,China,2024,18.45
692167,70,Australia,2017,9.25
320277,69,Japan,2023,23.16
163062,43,Japan,2017,49.75
801821,18,Australia,2017,25.76
860664,10,China,2016,72.25
511823,43,Japan,2018,20.85
952299,33,Germany,2024,93.13
982450,32,India,2018,5.27
411083,30,Australia,2024,28.16
43140,28,USA,2019,17.59
935465,28,UK,2018,51.59
52799,38,Germany,2018,81.34
688312,48,China,2020,70.02
219162,23,France,2024,5.18
740448,26,UK,2017,60.01
596776,17,France,2016,62.73
571454,42,Australia,2022,56.2
787260,15,Russia,2020,72.59
805745,7,UK,2018,19.79
377194,50,Russia,2020,35.02
417554,35,China,2023,37.07
252025,60,China,2019,65.85
898251,70,India,2015,96.03
551388,51,Brazil,2015,74.27
538245,18,India,2017,45.98
838461,6,India,2021,50.97
912770,67,Brazil,2020,68.05
62194,12,India,2021,95.95
416522,63,UK,2023,15.01
530341,40,UK,2021,70.49
346939,21,Japan,2022,73.1
56333,8,Russia,2021,78.45
644913,32,Germany,2018,27.51
295917,57,Japan,2017,18.01
54206,51,India,2020,20.62
423071,69,India,2018,47.5
687020,48,Australia,2021,17.62
550317,63,USA,2020,77.09
170032,24,Germany,2021,48.0
388591,68,China,2020,11.55
438318,39,India,2023,2.27
63389,20,India,2018,1.71
377602,15,USA,2015,95.66
467551,61,France,2021,42.75
361529,67,UK,2022,38.76
677755,52,Australia,2019,15.21
303838,56,UK,2022,66.25
339815,58,India,2016,93.74
820140,63,Russia,2020,13.66
879875,61,Russia,2015,49.3
987320,44,Brazil,2022,40.94
772948,43,Japan,2023,13.51
794914,34,Brazil,2015,84.83
198563,24,Brazil,2019,36.98
32346,38,Germany,2022,21.45
541829,33,China,2015,18.39
446028,37,Russia,2024,21.22
759625,14,France,2022,13.06
520654,53,Brazil,2017,3.18
248383,55,USA,2023,99.64
855974,44,China,2017,62.39
50842,59,China,2020,84.23
697275,59,Germany,2015,81.5
419912,40,Germany,2022,0.54
193620,67,Japan,2023,65.8
777684,31,China,2024,58.32
375245,20,UK,2018,27.61
656090,27,China,2023,22.96
653967,21,Australia,2016,80.27
977791,15,India,2022,0.83
397687,65,UK,2023,81.91
719537,23,France,2017,40.87
724790,64,Brazil,2017,34.79
51723,23,France,2016,33.33
312340,35,India,2023,18.26
995025,52,India,2016,15.28
336356,2,France,2024,48.77
886212,67,France,2017,48.93
209358,25,Japan,2016,37.23
495616,38,Russia,2022,69.24
224311,57,China,2021,55.55
65516,37,Japan,2022,51.95
301972,33,Germany,2024,40.36
124250,64,Germany,2015,47.04
733934,31,USA,2018,22.61
377446,12,Brazil,2022,19.26
430792,9,China,2021,98.57
825881,35,UK,2015,96.79
858207,42,USA,2020,27.16
912847,27,Germany,2021,16.64
82287,61,UK,2018,41.34
527938,1,USA,2020,44.85
645154,16,UK,2022,50.9
732636,3,India,2018,26.01
26321,11,Russia,2015,69.61
982507,39,Germany,2023,52.88
367712,13,Russia,2019,11.57
236346,55,Russia,2015,83.28
287089,8,Australia,2018,51.46
964191,36,Brazil,2024,50.71
55913,70,China,2016,52.68
850600,17,Japan,2015,98.29
201137,25,France,2024,45.57
859708,10,Germany,2017,1.68
863777,20,Russia,2016,2.74
521384,32,Japan,2024,67.37
474183,27,Russia,2022,69.09
829742,57,Brazil,2018,36.63
460842,59,USA,2021,99.81
839881,51,Australia,2022,47.33
860625,4,Brazil,2017,72.48
263110,6,UK,2019,65.47
506364,66,Japan,2020,13.61
176772,6,USA,2021,6.01
564277,1,Brazil,2021,1.32
36780,64,Australia,2017,47.97
589744,32,Germany,2021,46.82
309230,61,Russia,2018,59.01
4913,61,China,2024,53.59
350295,5,Brazil,2020,50.41
998937,19,USA,2020,60.2
445546,45,Brazil,2018,96.22
486146,12,Brazil,2023,7.33
466333,51,UK,2016,29.49
706019,65,Japan,2019,73.35
971464,4,UK,2020,70.03
224983,42,India,2015,76.97
919425,45,Brazil,2019,87.41
115138,42,Russia,2023,57.25
786468,42,Japan,2020,99.57
620560,59,India,2023,5.11
976007,59,USA,2017,56.74
361163,38,France,2016,46.58
469735,57,Brazil,2017,54.78
117231,28,USA,2015,46.27
276925,54,Germany,2018,14.38
208089,33,Australia,2019,37.3
71720,21,Australia,2016,63.81
236676,67,Russia,2024,35.62
409281,18,India,2024,93.46
612815,12,Japan,2023,82.36
153618,29,Russia,2018,11.32
704230,71,India,2023,57.15
863510,2,China,2019,79.37
488599,11,India,2024,4.08
964782,47,France,2022,80.73
323027,49,Germany,2018,48.96
12970,32,China,2023,10.55
659835,46,India,2020,50.19
336320,51,China,2023,66.92
83617,64,China,2017,47.52
99178,27,Brazil,2018,87.13
489369,41,Brazil,2024,80.1
620350,45,Russia,2017,2.22
846602,31,USA,2020,38.14
650042,48,India,2017,61.02
549197,59,Japan,2019,61.01
138639,14,France,2023,15.49
833819,14,Australia,2024,93.4
813217,71,India,2022,13.88
636273,30,UK,2017,11.25
45277,43,Russia,2017,66.53
488342,23,Australia,2015,89.41
526220,2,France,2019,55.31
311596,23,USA,2023,90.38
658226,52,Brazil,2024,25.17
344693,19,India,2019,6.29
380995,60,France,2016,37.57
458185,31,Brazil,2018,3.1
581034,67,Brazil,2022,91.69
722544,14,Russia,2019,19.97
793783,17,Brazil,2024,28.78
620822,21,China,2023,53.21
715102,2,Russia,2022,16.6
634390,54,Russia,2021,44.32
791473,58,Japan,2021,10.34
631816,29,China,2022,41.81
517353,41,Germany,2016,84.54
118734,21,Japan,2015,40.38
963367,50,India,2020,39.15
71557,47,Australia,2021,22.51
824704,30,Brazil,2017,58.18
1326,11,Germany,2023,92.48
630931,48,UK,2015,51.38
395731,64,Germany,2016,93.61
918816,58,Australia,2017,27.38
357205,21,Australia,2021,74.61
464960,24,UK,2019,78.84
51619,3,USA,2019,65.7
850794,69,Brazil,2017,81.04
559841,22,France,2015,27.2
685136,62,China,2018,86.38
102797,17,Brazil,2016,83.93
439046,42,France,2022,40.36
51312,26,USA,2019,57.4
510870,35,Brazil,2022,1.42
348118,42,Russia,2021,66.5
509930,68,Australia,2016,47.18
822380,26,UK,2016,58.99
619669,19,Germany,2022,52.91
341111,14,Australia,2023,20.95
443730,39,France,2018,2.79
824968,15,Japan,2017,27.76
172346,51,Japan,2016,58.77
919855,56,Germany,2022,51.95
254634,5,Germany,2021,90.57
724409,56,France,2022,39.15
269142,72,UK,2018,95.3
32067,19,India,2024,92.48
591314,65,Germany,2020,32.2
149171,64,Germany,2019,91.72
535205,53,Brazil,2016,13.52
471889,4,Germany,2022,87.93
869751,12,France,2019,52.18
690010,18,Russia,2017,50.42
433987,21,Brazil,2017,32.9
31262,56,UK,2017,1.54
824433,60,Australia,2022,32.26
651963,53,Germany,2023,23.28
349070,41,France,2017,81.06
967411,47,USA,2024,71.42
263770,62,Japan,2021,64.81
714670,32,UK,2016,85.89
498904,65,USA,2021,47.84
569539,18,USA,2024,47.95
217938,69,China,2016,82.52
172607,60,China,2022,36.48
424762,10,India,2023,95.66
130309,56,Japan,2019,42.34
95378,67,India,2018,65.11
920801,52,India,2017,53.95
551038,21,Japan,2020,91.36
962508,13,China,2016,85.8
267554,45,France,2020,92.29
76258,43,Japan,2020,25.3
661377,66,Russia,2016,3.6
310341,32,Australia,2022,56.62
702883,31,Russia,2017,66.25
516103,62,USA,2017,78.38
542283,64,USA,2015,84.7
173441,43,Russia,2016,43.75
856228,47,France,2017,67.36
791265,65,UK,2019,68.54
969699,63,USA,2019,45.42
338867,34,Russia,2023,95.0
951249,25,Japan,2018,44.98
34584,43,USA,2022,50.4
298836,29,Brazil,2021,74.37
526161,12,Brazil,2018,27.82
476308,44,Brazil,2020,76.95
206897,18,China,2017,29.39
2653,56,Japan,2022,1.92
540353,68,UK,2024,90.37
779922,50,Germany,2015,84.77
908906,46,Germany,2016,24.4
446741,20,Russia,2021,28.34
317488,46,India,2023,9.95
182613,26,Brazil,2024,72.33
211305,27,UK,2018,61.42
60379,32,UK,2024,68.83
785179,2,Russia,2020,11.11
652682,46,Russia,2022,1.99
52649,57,Brazil,2022,5.85
865871,58,Germany,2024,45.75
474552,20,Russia,2022,93.71
400840,57,France,2024,5.7
275819,69,USA,2020,60.57
454088,70,Brazil,2021,89.79
338619,68,France,2018,30.68
940038,24,Brazil,2018,31.56
17805,31,USA,2017,98.73
244933,37,Japan,2020,92.13
198602,18,USA,2016,71.14
504861,65,India,2023,73.85
695618,14,UK,2016,91.24
270732,31,China,2022,5.4
270326,24,UK,2015,77.58
827534,29,Russia,2017,80.95
32499,14,Germany,2020,46.07
279065,62,Russia,2016,52.2
119598,43,Germany,2017,49.56
387500,30,Germany,2016,61.78
656031,36,Brazil,2018,66.07
637259,57,China,2022,85.72
623106,43,Russia,2023,0.98
513867,34,India,2015,21.74
710871,55,Australia,2023,7.54
875225,31,India,2020,7.08
989625,53,Germany,2024,71.2
210433,63,China,2016,89.08
709153,45,USA,2018,26.31
568832,12,France,2020,21.11
355545,68,China,2022,51.76
112635,55,Germany,2019,90.91
988268,44,Brazil,2015,89.39
357399,2,India,2021,65.87
512258,32,Japan,2018,78.16
180760,34,Australia,2024,24.21
691638,17,USA,2023,81.16
123757,54,Russia,2019,80.18
702285,46,Germany,2018,70.0
907708,44,Australia,2022,9.73
713160,26,Australia,2015,4.49
239200,8,USA,2022,46.75
500521,27,China,2016,63.15
741259,18,India,2015,25.47
604843,40,Japan,2021,3.97
697610,18,UK,2023,19.17
730850,27,Germany,2022,58.35
417807,46,Australia,2018,65.08
58205,63,India,2020,3.74
830670,11,India,2016,33.11
691990,41,Brazil,2024,57.7
498089,18,USA,2015,74.68
748040,18,China,2015,86.82
909979,65,Brazil,2018,4.51
286038,43,Australia,2019,27.0
479586,8,Russia,2021,82.88
454763,14,Australia,2020,42.03
60183,17,UK,2019,33.85
596801,70,Russia,2018,94.6
698786,21,China,2021,71.9
441749,55,Japan,2021,94.23
966102,1,China,2018,76.4
430200,48,India,2017,66.29
638668,47,UK,2023,49.89
127817,66,UK,2019,81.91
491794,4,Brazil,2017,14.54
737958,54,Germany,2024,33.44
724207,54,Australia,2017,31.74
451780,28,Germany,2018,78.11
875227,20,India,2016,8.25
334945,33,Brazil,2018,17.52
525978,12,Australia,2023,81.89
761252,57,UK,2016,37.29
168075,52,China,2017,38.87
443408,71,Japan,2015,6.57
60917,1,UK,2018,17.99
839892,20,USA,2017,59.54
673933,22,Brazil,2021,72.14
534283,49,USA,2021,84.64
49715,72,UK,2022,32.2
297461,15,China,2022,1.16
861410,7,Russia,2021,48.71
547178,45,Germany,2016,14.28
273660,6,Japan,2020,37.38
195113,4,Brazil,2023,23.01
881294,3,China,2018,9.77
146937,10,USA,2024,58.64
72191,3,Russia,2016,11.29
898589,58,Australia,2022,90.65
430306,67,Japan,2024,30.66
835814,40,Australia,2022,27.02
837322,25,Russia,2015,56.07
299403,23,Russia,2019,10.88
482492,17,USA,2024,96.13
777010,34,China,2022,88.61
806210,5,Germany,2021,73.5
281616,6,China,2024,1.17
827952,21,India,2023,42.02
179586,27,USA,2020,59.15
725905,54,UK,2022,26.63
723411,40,USA,2016,30.49
141437,10,India,2024,14.01
441744,40,USA,2019,49.88
936738,8,Japan,2016,4.84
822636,63,USA,2024,75.51
843891,31,Australia,2018,68.32
82576,40,Russia,2020,6.37
759522,39,France,2024,97.53
860343,42,UK,2024,12.22
14483,36,Australia,2023,55.72
871255,24,Japan,2023,67.77
48647,48,India,2019,98.86
109907,5,Australia,2024,74.75
749386,16,Brazil,2022,89.11
900723,32,Russia,2018,89.79
943151,66,France,2024,49.75
93580,21,USA,2019,1.05
303469,60,China,2019,26.66
28436,66,USA,2024,0.71
383484,52,France,2015,41.92
27446,13,Germany,2017,40.05
39276,29,Japan,2020,73.13
88304,41,Brazil,2024,33.94
281096,2,Brazil,2019,4.95
793612,12,Australia,2018,50.23
848188,12,UK,2016,49.92
374767,67,India,2016,70.24
835349,8,France,2019,85.65
877560,61,Japan,2020,64.25
249279,58,Germany,2016,58.93
126143,35,Japan,2017,9.24
7910,19,France,2021,50.84
732802,62,Brazil,2020,85.12
426349,44,USA,2019,12.13
739538,5,China,2019,6.24
251689,1,UK,2016,17.98
461291,5,Germany,2015,75.2
757595,40,UK,2021,71.88
970866,13,Japan,2024,12.62
334916,35,Brazil,2021,79.56
384185,71,UK,2019,35.37
6670,24,Australia,2016,98.72
801177,11,France,2016,62.08
183711,50,Russia,2016,28.79
573985,45,France,2015,83.45
675172,43,Japan,2018,88.04
716770,2,Germany,2018,35.76
825866,23,Australia,2016,43.19
206631,64,USA,2019,92.43
153211,43,Germany,2016,40.18
322255,41,Japan,2018,48.91
16106,29,China,2021,44.84
640851,11,USA,2021,51.43
570853,4,Japan,2022,12.42
995462,33,USA,2023,98.91
716832,67,Russia,2015,64.68
677462,45,USA,2015,41.34
362499,4,France,2020,52.09
274512,69,India,2023,26.01
590555,27,Germany,2017,63.97
297456,20,Australia,2024,42.28
465465,60,Russia,2015,2.73
24387,29,India,2023,58.9
871001,39,France,2020,35.12
989421,46,Brazil,2019,8.31
190100,69,France,2015,84.86
3324,65,France,2018,63.56
851177,53,UK,2024,33.24
477346,8,Russia,2015,35.11
386686,7,USA,2021,49.73
922456,67,Russia,2016,87.62
954379,59,China,2021,84.09
887186,8,Germany,2024,36.34
197323,47,India,2018,41.28
294587,43,India,2016,34.78
191263,68,UK,2022,88.71
332214,16,France,2017,88.79
196531,45,China,2024,56.26
258021,46,Brazil,2021,4.34
920121,21,Russia,2021,85.65
971908,16,Australia,2021,4.52
760590,9,France,2017,27.19
569044,27,UK,2023,45.16
841324,8,France,2021,2.3
668679,27,Japan,2022,71.54
310150,21,India,2022,27.86
549414,70,Germany,2016,13.21
731839,14,Australia,2015,11.89
626352,33,Brazil,2023,76.58
626017,1,India,2022,92.23
172782,2,Australia,2019,70.7
665023,49,France,2021,2.39
15909,19,Germany,2018,89.87
998547,46,UK,2023,24.28
76358,58,Australia,2019,58.3
89704,26,Germany,2024,84.19
191361,11,Russia,2024,72.02
200862,13,Germany,2023,0.61
4966,41,USA,2017,89.49
344674,19,Japan,2018,34.06
449424,3,USA,2020,37.66
162807,4,Germany,2020,69.2
21292,10,India,2024,47.1
993215,56,Australia,2023,25.7
744201,7,Australia,2017,16.58
762300,20,Japan,2017,61.33
764003,43,France,2018,14.1
761910,27,China,2019,33.88
296050,30,France,2023,87.45
82853,67,France,2020,27.43
700439,41,Japan,2022,34.03
351048,57,Russia,2022,6.61
36963,54,China,2020,17.99
533151,43,France,2021,99.77
62185,32,Germany,2018,61.93
231299,58,USA,2016,48.83
914365,52,UK,2017,47.99
696953,54,Japan,2024,47.44
977607,62,Russia,2015,24.47
91228,22,Australia,2020,71.03
417253,16,China,2016,59.95
60431,59,France,2021,44.03
567209,1,Japan,2016,44.69
596168,15,France,2015,70.18
437357,56,Japan,2024,49.88
588421,72,Australia,2016,43.88
477292,18,UK,2017,57.17
163839,19,Germany,2018,16.76
922676,6,UK,2024,65.06
941720,71,UK,2023,34.66
647613,53,Germany,2019,49.71
429456,28,Australia,2016,27.17
340643,72,India,2020,85.73
21833,2,France,2021,55.66
598297,49,Japan,2018,3.6
92925,53,Australia,2023,78.28
98500,30,Germany,2020,70.09
820070,70,Japan,2020,64.56
170892,47,UK,2024,66.65
887531,51,Brazil,2024,60.13
179507,8,Australia,2024,57.81
315219,30,Russia,2023,78.71
223827,21,USA,2016,63.35
254371,13,France,2016,47.01
839088,62,Japan,2023,67.59
394109,37,China,2017,17.49
877224,57,France,2019,75.84
846884,42,Japan,2020,91.52
100972,54,UK,2020,44.05
148447,39,UK,2017,40.18
698908,32,France,2017,44.56
633626,54,India,2022,53.89
334748,5,Germany,2021,88.01
383589,7,China,2023,55.94
901880,16,Germany,2018,90.48
598151,34,Russia,2018,40.59
120341,45,France,2016,77.29
305005,71,Australia,2023,91.02
494622,37,Germany,2024,46.41
264662,46,Germany,2021,69.07
942089,39,India,2021,2.3
779870,6,France,2016,33.45
407233,72,UK,2015,15.27
148622,6,Russia,2019,98.59
480773,52,Brazil,2023,30.45
946994,13,UK,2023,22.24
559143,69,Japan,2015,9.75
287646,68,Brazil,2017,67.55
19575,1,China,2019,26.97
701505,36,China,2015,73.45
998728,68,China,2021,40.01
434504,46,France,2021,52.67
860546,22,Australia,2021,61.46
827349,68,Brazil,2020,62.72
145427,28,Japan,2018,2.65
613718,60,Russia,2022,33.8
239301,22,Australia,2018,61.47
848597,11,China,2017,16.82
278424,9,Japan,2020,73.85
23096,38,Russia,2015,97.4
68371,57,Russia,2022,33.49
534686,44,China,2023,62.21
985505,26,China,2019,75.86
306320,41,USA,2015,98.39
799380,57,Japan,2023,17.69
529551,61,USA,2023,55.14
102295,46,Australia,2024,82.49
800131,69,Australia,2022,64.07
712739,17,UK,2015,32.0
814119,64,Russia,2018,39.15
599905,13,India,2018,12.44
65117,3,France,2017,5.07
591348,55,USA,2023,6.18
53447,43,Japan,2023,55.7
471379,67,Germany,2024,47.13
883919,8,Russia,2017,76.84
606940,32,Germany,2021,78.46
416331,62,India,2018,56.88
826778,59,Russia,2019,58.38
712697,39,China,2022,71.36
450891,32,UK,2023,48.19
600700,28,Russia,2016,13.91
119319,9,Brazil,2019,44.51
490818,65,UK,2017,55.45
155170,15,Germany,2024,17.92
783899,29,France,2017,41.37
275619,4,China,2020,24.78
746862,51,India,2024,8.85
244429,8,India,2024,28.13
287446,56,Russia,2016,52.59
966469,43,France,2023,79.86
126709,45,Australia,2021,47.83
883977,47,Brazil,2019,54.26
805183,37,Australia,2023,78.57
434446,28,Australia,2021,77.63
63872,55,France,2019,2.27
131307,46,France,2022,59.0
732072,35,Australia,2018,25.07
340213,15,India,2016,43.65
617987,23,China,2021,41.97
629293,69,India,2024,56.13
979308,10,Russia,2019,92.69
278126,30,France,2024,14.38
852868,8,USA,2016,57.26
43771,49,Brazil,2019,35.61
90689,40,China,2015,40.68
931787,15,France,2024,31.91
992029,26,Germany,2017,98.61
283947,72,USA,2021,72.24
68718,47,India,2018,20.76
630087,72,Australia,2016,93.39
481252,48,Germany,2019,52.17
935319,25,France,2021,58.86
159475,19,Russia,2018,23.14
316136,22,Japan,2017,90.38
445129,19,Germany,2019,71.08
545588,54,Brazil,2020,53.42
3315,41,UK,2023,22.8
919427,51,Germany,2023,89.71
666877,28,Australia,2015,99.2
578125,71,Japan,2017,49.72
616547,22,Russia,2015,13.26
976849,12,Germany,2016,26.97
931196,27,Russia,2024,60.69
240400,10,China,2017,38.69
281698,18,USA,2022,74.59
145401,14,UK,2015,94.19
918201,35,UK,2018,85.18
71213,58,Russia,2017,42.4
322611,16,USA,2022,34.58
680011,66,Russia,2023,48.84
165204,18,UK,2016,63.93
693497,56,Germany,2021,55.5
363166,38,Australia,2022,32.6
942824,68,Russia,2017,52.79
809153,48,Russia,2020,36.9
740421,59,Brazil,2016,5.51
579778,57,USA,2024,52.2
627616,29,Russia,2017,68.12
696801,32,France,2017,36.09
819663,5,Russia,2019,68.1
778573,62,Russia,2020,10.46
850214,45,Brazil,2020,23.21
83376,62,China,2018,1.89
459635,49,Russia,2020,48.68
386911,33,India,2021,9.54
756305,45,China,2021,76.26
743177,21,China,2020,55.06
893060,19,Japan,2022,17.3
358933,3,Germany,2023,69.39
725325,16,India,2019,8.93
597723,48,France,2015,74.03
311675,18,China,2024,11.72
74407,48,Japan,2020,21.92
138915,44,Russia,2016,37.07
153829,6,Russia,2022,84.09
587851,6,Japan,2015,58.86
728308,10,Russia,2015,54.59
471898,55,France,2019,71.84
639630,31,Russia,2019,14.15
6691,57,UK,2023,28.79
672033,2,Russia,2015,46.96
719415,56,USA,2016,98.03
727509,67,Germany,2022,92.53
704427,30,France,2021,78.89
147384,54,India,2018,80.0
545908,2,Brazil,2015,63.14
354694,18,Russia,2022,2.1
849664,40,India,2019,14.98
248359,58,France,2024,9.91
254903,4,India,2023,12.96
647998,38,Brazil,2016,19.59
800909,53,India,2022,37.76
23469,64,Japan,2015,95.8
388325,39,France,2017,4.87
359124,13,Russia,2018,64.39
992014,62,India,2023,70.36
596468,29,China,2022,35.05
801948,55,Germany,2015,58.91
950991,49,China,2015,24.07
875912,33,Germany,2017,97.14
35041,14,Australia,2024,36.49
431678,60,Germany,2021,43.99
358439,48,Russia,2023,79.71
905770,9,Brazil,2015,88.08
843256,43,Australia,2021,37.89
691377,44,USA,2022,37.94
849791,53,Brazil,2021,18.11
998011,14,France,2015,65.16
594170,53,Russia,2019,28.14
191427,56,UK,2021,60.14
786577,70,Germany,2017,54.98
76066,8,Germany,2019,58.6
190694,52,UK,2021,51.42
892843,26,Brazil,2023,30.28
734737,30,Brazil,2017,32.97
379954,9,UK,2022,32.17
480984,64,Germany,2021,48.2
